1,Item 1,Description for Item 1,754,1456,2025-04-12 19:06:07.952478,2025-05-07 19:06:07.952488,5506,4,Extra info for Item 1
2,Item 2,Description for Item 2,328,1571,2025-03-20 19:06:07.952508,2025-04-17 19:06:07.952514,9935,2,Extra info for Item 2
3,Item 3,Description for Item 3,704,2728,2025-04-11 19:06:07.952532,2025-04-14 19:06:07.952537,2535,4,Extra info for Item 3
4,Item 4,Description for Item 4,338,3069,2025-03-24 19:06:07.952552,2025-04-14 19:06:07.952557,4257,9,Extra info for Item 4
5,Item 5,Description for Item 5,529,1902,2025-03-29 19:06:07.952573,2025-05-02 19:06:07.952578,5557,1,Extra info for Item 5
6,Item 6,Description for Item 6,877,4300,2025-04-07 19:06:07.952594,2025-05-06 19:06:07.952599,7924,6,Extra info for Item 6
7,Item 7,Description for Item 7,384,1636,2025-04-06 19:06:07.952614,2025-05-08 19:06:07.952619,6514,2,Extra info for Item 7
8,Item 8,Description for Item 8,194,2556,2025-04-09 19:06:07.952633,2025-04-25 19:06:07.952638,6635,10,Extra info for Item 8
9,Item 9,Description for Item 9,370,4305,2025-04-11 19:06:07.952653,2025-05-07 19:06:07.952658,8527,9,Extra info for Item 9
10,Item 10,Description for Item 10,227,4985,2025-03-14 19:06:07.952673,2025-04-26 19:06:07.952678,2291,9,Extra info for Item 10
11,Item 11,Description for Item 11,400,4397,2025-03-23 19:06:07.952692,2025-05-03 19:06:07.952697,6925,10,Extra info for Item 11
12,Item 12,Description for Item 12,296,3885,2025-04-10 19:06:07.952712,2025-04-15 19:06:07.952718,4733,5,Extra info for Item 12
13,Item 13,Description for Item 13,181,4503,2025-04-05 19:06:07.952733,2025-05-11 19:06:07.952738,2654,7,Extra info for Item 13
14,Item 14,Description for Item 14,384,2857,2025-03-23 19:06:07.952752,2025-05-10 19:06:07.952757,6977,3,Extra info for Item 14
15,Item 15,Description for Item 15,479,2455,2025-04-06 19:06:07.952771,2025-05-05 19:06:07.952776,5374,2,Extra info for Item 15
16,Item 16,Description for Item 16,723,3600,2025-04-07 19:06:07.952791,2025-05-01 19:06:07.952796,5010,3,Extra info for Item 16
17,Item 17,Description for Item 17,573,2554,2025-04-04 19:06:07.952811,2025-05-13 19:06:07.952816,4598,6,Extra info for Item 17
18,Item 18,Description for Item 18,963,4147,2025-03-19 19:06:07.952831,2025-04-15 19:06:07.952836,4752,1,Extra info for Item 18
19,Item 19,Description for Item 19,924,2292,2025-03-31 19:06:07.952851,2025-04-22 19:06:07.952856,2084,4,Extra info for Item 19
20,Item 20,Description for Item 20,680,4589,2025-03-21 19:06:07.952871,2025-04-24 19:06:07.952877,4483,8,Extra info for Item 20
