auction,bidder,price,dateTime,extra
2,9584,219781,2025-04-23 12:00:00.000,extra_0
6,6801,788403,2025-04-23 12:00:01.000,extra_1
4,3190,72083,2025-04-23 12:00:02.000,extra_2
7,7793,936127,2025-04-23 12:00:03.000,extra_3
1,6943,690076,2025-04-23 12:00:04.000,extra_4
9,7173,891378,2025-04-23 12:00:05.000,extra_5
9,5419,835498,2025-04-23 12:00:06.000,extra_6
2,4394,843219,2025-04-23 12:00:07.000,extra_7
10,1895,444683,2025-04-23 12:00:08.000,extra_8
9,1414,432064,2025-04-23 12:00:09.000,extra_9
4,9629,930861,2025-04-23 12:00:10.000,extra_10
1,7196,171206,2025-04-23 12:00:11.000,extra_11
5,9763,6762,2025-04-23 12:00:12.000,extra_12
1,8781,385808,2025-04-23 12:00:13.000,extra_13
9,2532,781826,2025-04-23 12:00:14.000,extra_14
5,6595,38714,2025-04-23 12:00:15.000,extra_15
3,2990,271771,2025-04-23 12:00:16.000,extra_16
7,3654,123514,2025-04-23 12:00:17.000,extra_17
6,3458,704349,2025-04-23 12:00:18.000,extra_18
4,6718,789135,2025-04-23 12:00:19.000,extra_19
4,3028,751384,2025-04-23 12:00:20.000,extra_20
6,9575,350023,2025-04-23 12:00:21.000,extra_21
4,6349,627746,2025-04-23 12:00:22.000,extra_22
5,6638,393767,2025-04-23 12:00:23.000,extra_23
6,6120,716590,2025-04-23 12:00:24.000,extra_24
2,4289,326060,2025-04-23 12:00:25.000,extra_25
9,7536,447072,2025-04-23 12:00:26.000,extra_26
3,4950,562062,2025-04-23 12:00:27.000,extra_27
6,9411,73153,2025-04-23 12:00:28.000,extra_28
9,2029,176516,2025-04-23 12:00:29.000,extra_29
8,7627,925800,2025-04-23 12:00:30.000,extra_30
8,9957,631019,2025-04-23 12:00:31.000,extra_31
9,1687,116253,2025-04-23 12:00:32.000,extra_32
6,7661,130112,2025-04-23 12:00:33.000,extra_33
9,3670,321822,2025-04-23 12:00:34.000,extra_34
6,1245,136618,2025-04-23 12:00:35.000,extra_35
3,5180,532853,2025-04-23 12:00:36.000,extra_36
5,6078,259536,2025-04-23 12:00:37.000,extra_37
8,9508,352743,2025-04-23 12:00:38.000,extra_38
2,5760,551005,2025-04-23 12:00:39.000,extra_39
5,3908,893803,2025-04-23 12:00:40.000,extra_40
2,5114,250244,2025-04-23 12:00:41.000,extra_41
6,6926,400668,2025-04-23 12:00:42.000,extra_42
9,6141,277914,2025-04-23 12:00:43.000,extra_43
7,5647,944436,2025-04-23 12:00:44.000,extra_44
4,5421,407867,2025-04-23 12:00:45.000,extra_45
4,9758,657804,2025-04-23 12:00:46.000,extra_46
10,8734,593309,2025-04-23 12:00:47.000,extra_47
7,1511,299449,2025-04-23 12:00:48.000,extra_48
4,3459,567173,2025-04-23 12:00:49.000,extra_49
5,6952,240430,2025-04-23 12:00:50.000,extra_50
1,6668,427691,2025-04-23 12:00:51.000,extra_51
9,8429,541896,2025-04-23 12:00:52.000,extra_52
1,4294,660630,2025-04-23 12:00:53.000,extra_53
2,7032,997373,2025-04-23 12:00:54.000,extra_54
7,5966,426815,2025-04-23 12:00:55.000,extra_55
5,8422,945811,2025-04-23 12:00:56.000,extra_56
10,3001,650407,2025-04-23 12:00:57.000,extra_57
9,8160,742686,2025-04-23 12:00:58.000,extra_58
10,9638,585076,2025-04-23 12:00:59.000,extra_59
8,8249,167066,2025-04-23 12:01:00.000,extra_60
2,9002,539500,2025-04-23 12:01:01.000,extra_61
2,1753,858271,2025-04-23 12:01:02.000,extra_62
4,2282,89352,2025-04-23 12:01:03.000,extra_63
3,6973,227710,2025-04-23 12:01:04.000,extra_64
1,5892,981586,2025-04-23 12:01:05.000,extra_65
9,8896,304880,2025-04-23 12:01:06.000,extra_66
4,1464,618005,2025-04-23 12:01:07.000,extra_67
5,4857,274778,2025-04-23 12:01:08.000,extra_68
2,7653,862145,2025-04-23 12:01:09.000,extra_69
7,4461,963298,2025-04-23 12:01:10.000,extra_70
1,1429,793582,2025-04-23 12:01:11.000,extra_71
4,1497,370021,2025-04-23 12:01:12.000,extra_72
6,8712,57707,2025-04-23 12:01:13.000,extra_73
9,1235,496116,2025-04-23 12:01:14.000,extra_74
4,8970,730470,2025-04-23 12:01:15.000,extra_75
6,9103,843177,2025-04-23 12:01:16.000,extra_76
4,5370,936705,2025-04-23 12:01:17.000,extra_77
9,7462,921894,2025-04-23 12:01:18.000,extra_78
5,4508,366226,2025-04-23 12:01:19.000,extra_79
4,8577,685809,2025-04-23 12:01:20.000,extra_80
8,9932,418822,2025-04-23 12:01:21.000,extra_81
2,2646,581204,2025-04-23 12:01:22.000,extra_82
9,7915,66111,2025-04-23 12:01:23.000,extra_83
7,1430,88963,2025-04-23 12:01:24.000,extra_84
6,1090,855725,2025-04-23 12:01:25.000,extra_85
7,1718,918132,2025-04-23 12:01:26.000,extra_86
6,8487,259651,2025-04-23 12:01:27.000,extra_87
5,7363,107322,2025-04-23 12:01:28.000,extra_88
2,9844,544152,2025-04-23 12:01:29.000,extra_89
7,2423,840564,2025-04-23 12:01:30.000,extra_90
10,3686,798141,2025-04-23 12:01:31.000,extra_91
9,9103,409569,2025-04-23 12:01:32.000,extra_92
10,7425,226673,2025-04-23 12:01:33.000,extra_93
7,7140,288845,2025-04-23 12:01:34.000,extra_94
10,2140,727920,2025-04-23 12:01:35.000,extra_95
3,7408,265764,2025-04-23 12:01:36.000,extra_96
1,8685,489899,2025-04-23 12:01:37.000,extra_97
9,3426,423529,2025-04-23 12:01:38.000,extra_98
7,1739,369585,2025-04-23 12:01:39.000,extra_99
1,5327,462479,2025-04-23 12:01:40.000,extra_100
10,8799,615949,2025-04-23 12:01:41.000,extra_101
3,5405,706105,2025-04-23 12:01:42.000,extra_102
4,5266,588880,2025-04-23 12:01:43.000,extra_103
8,4912,732831,2025-04-23 12:01:44.000,extra_104
7,9995,434274,2025-04-23 12:01:45.000,extra_105
2,2791,378885,2025-04-23 12:01:46.000,extra_106
6,3678,272750,2025-04-23 12:01:47.000,extra_107
9,6398,850327,2025-04-23 12:01:48.000,extra_108
1,7886,127663,2025-04-23 12:01:49.000,extra_109
6,9434,512575,2025-04-23 12:01:50.000,extra_110
8,8481,191203,2025-04-23 12:01:51.000,extra_111
5,4398,433669,2025-04-23 12:01:52.000,extra_112
9,7881,283370,2025-04-23 12:01:53.000,extra_113
2,1346,977132,2025-04-23 12:01:54.000,extra_114
7,9412,838260,2025-04-23 12:01:55.000,extra_115
9,6381,950352,2025-04-23 12:01:56.000,extra_116
8,6250,168694,2025-04-23 12:01:57.000,extra_117
6,5171,700421,2025-04-23 12:01:58.000,extra_118
4,7818,594797,2025-04-23 12:01:59.000,extra_119
10,2080,421707,2025-04-23 12:02:00.000,extra_120
3,5946,574095,2025-04-23 12:02:01.000,extra_121
1,1342,170793,2025-04-23 12:02:02.000,extra_122
5,3266,882506,2025-04-23 12:02:03.000,extra_123
9,1507,992164,2025-04-23 12:02:04.000,extra_124
1,2385,185792,2025-04-23 12:02:05.000,extra_125
5,2156,949391,2025-04-23 12:02:06.000,extra_126
2,5974,452476,2025-04-23 12:02:07.000,extra_127
7,1672,140882,2025-04-23 12:02:08.000,extra_128
5,3099,239364,2025-04-23 12:02:09.000,extra_129
6,5896,571622,2025-04-23 12:02:10.000,extra_130
3,4094,274896,2025-04-23 12:02:11.000,extra_131
7,8582,62100,2025-04-23 12:02:12.000,extra_132
9,5064,594182,2025-04-23 12:02:13.000,extra_133
10,6943,568712,2025-04-23 12:02:14.000,extra_134
10,2034,563810,2025-04-23 12:02:15.000,extra_135
3,3270,445772,2025-04-23 12:02:16.000,extra_136
2,1597,499937,2025-04-23 12:02:17.000,extra_137
10,7712,130635,2025-04-23 12:02:18.000,extra_138
10,6050,856684,2025-04-23 12:02:19.000,extra_139
5,5752,278088,2025-04-23 12:02:20.000,extra_140
8,2364,472164,2025-04-23 12:02:21.000,extra_141
9,6252,151932,2025-04-23 12:02:22.000,extra_142
6,6468,559553,2025-04-23 12:02:23.000,extra_143
10,1848,627131,2025-04-23 12:02:24.000,extra_144
10,9018,207406,2025-04-23 12:02:25.000,extra_145
1,6675,731365,2025-04-23 12:02:26.000,extra_146
1,7447,645828,2025-04-23 12:02:27.000,extra_147
4,7038,115403,2025-04-23 12:02:28.000,extra_148
1,7167,413921,2025-04-23 12:02:29.000,extra_149
5,3929,536727,2025-04-23 12:02:30.000,extra_150
5,7420,961364,2025-04-23 12:02:31.000,extra_151
7,5860,476523,2025-04-23 12:02:32.000,extra_152
10,7662,795535,2025-04-23 12:02:33.000,extra_153
1,8280,621674,2025-04-23 12:02:34.000,extra_154
7,8337,675463,2025-04-23 12:02:35.000,extra_155
9,4190,376020,2025-04-23 12:02:36.000,extra_156
7,7829,206325,2025-04-23 12:02:37.000,extra_157
6,4913,649301,2025-04-23 12:02:38.000,extra_158
5,9435,622495,2025-04-23 12:02:39.000,extra_159
6,4922,305269,2025-04-23 12:02:40.000,extra_160
9,9910,211389,2025-04-23 12:02:41.000,extra_161
10,9341,579311,2025-04-23 12:02:42.000,extra_162
4,8335,571219,2025-04-23 12:02:43.000,extra_163
6,5408,843675,2025-04-23 12:02:44.000,extra_164
9,5983,126386,2025-04-23 12:02:45.000,extra_165
10,9983,424413,2025-04-23 12:02:46.000,extra_166
2,1710,98294,2025-04-23 12:02:47.000,extra_167
2,9022,8923,2025-04-23 12:02:48.000,extra_168
6,6188,223294,2025-04-23 12:02:49.000,extra_169
9,1720,417487,2025-04-23 12:02:50.000,extra_170
3,1718,275654,2025-04-23 12:02:51.000,extra_171
2,8887,133530,2025-04-23 12:02:52.000,extra_172
4,5216,169213,2025-04-23 12:02:53.000,extra_173
3,6728,822881,2025-04-23 12:02:54.000,extra_174
4,3105,863217,2025-04-23 12:02:55.000,extra_175
10,8329,977062,2025-04-23 12:02:56.000,extra_176
3,2499,668256,2025-04-23 12:02:57.000,extra_177
6,8370,403380,2025-04-23 12:02:58.000,extra_178
3,2809,698948,2025-04-23 12:02:59.000,extra_179
6,6545,332047,2025-04-23 12:03:00.000,extra_180
10,5953,994875,2025-04-23 12:03:01.000,extra_181
9,6337,712955,2025-04-23 12:03:02.000,extra_182
4,5183,918069,2025-04-23 12:03:03.000,extra_183
10,4639,849975,2025-04-23 12:03:04.000,extra_184
5,4232,185475,2025-04-23 12:03:05.000,extra_185
7,2792,690908,2025-04-23 12:03:06.000,extra_186
3,4773,200759,2025-04-23 12:03:07.000,extra_187
9,6550,99204,2025-04-23 12:03:08.000,extra_188
7,6623,919978,2025-04-23 12:03:09.000,extra_189
10,2837,312358,2025-04-23 12:03:10.000,extra_190
1,9451,504602,2025-04-23 12:03:11.000,extra_191
9,1860,797222,2025-04-23 12:03:12.000,extra_192
7,5951,793745,2025-04-23 12:03:13.000,extra_193
3,6517,472765,2025-04-23 12:03:14.000,extra_194
6,7253,964403,2025-04-23 12:03:15.000,extra_195
2,6204,803518,2025-04-23 12:03:16.000,extra_196
9,6967,468176,2025-04-23 12:03:17.000,extra_197
3,2291,715881,2025-04-23 12:03:18.000,extra_198
7,3623,736736,2025-04-23 12:03:19.000,extra_199
6,6051,554583,2025-04-23 12:03:20.000,extra_200
6,2958,674486,2025-04-23 12:03:21.000,extra_201
7,4034,451493,2025-04-23 12:03:22.000,extra_202
8,9612,919047,2025-04-23 12:03:23.000,extra_203
6,7828,662586,2025-04-23 12:03:24.000,extra_204
4,6502,940555,2025-04-23 12:03:25.000,extra_205
8,5686,57884,2025-04-23 12:03:26.000,extra_206
6,2860,647760,2025-04-23 12:03:27.000,extra_207
10,7004,889647,2025-04-23 12:03:28.000,extra_208
3,6754,386275,2025-04-23 12:03:29.000,extra_209
4,2585,383135,2025-04-23 12:03:30.000,extra_210
6,3834,635101,2025-04-23 12:03:31.000,extra_211
10,9824,677592,2025-04-23 12:03:32.000,extra_212
6,8870,410820,2025-04-23 12:03:33.000,extra_213
9,2201,269919,2025-04-23 12:03:34.000,extra_214
9,2777,606654,2025-04-23 12:03:35.000,extra_215
10,6236,630647,2025-04-23 12:03:36.000,extra_216
6,2970,80589,2025-04-23 12:03:37.000,extra_217
5,6401,172521,2025-04-23 12:03:38.000,extra_218
9,1125,838001,2025-04-23 12:03:39.000,extra_219
10,9124,266329,2025-04-23 12:03:40.000,extra_220
2,4650,713247,2025-04-23 12:03:41.000,extra_221
3,2449,732362,2025-04-23 12:03:42.000,extra_222
5,1796,908452,2025-04-23 12:03:43.000,extra_223
9,7383,514591,2025-04-23 12:03:44.000,extra_224
6,5336,535091,2025-04-23 12:03:45.000,extra_225
1,4681,206557,2025-04-23 12:03:46.000,extra_226
6,4649,349729,2025-04-23 12:03:47.000,extra_227
8,9815,256420,2025-04-23 12:03:48.000,extra_228
7,3605,114085,2025-04-23 12:03:49.000,extra_229
4,8250,191941,2025-04-23 12:03:50.000,extra_230
1,9425,884324,2025-04-23 12:03:51.000,extra_231
3,7515,679710,2025-04-23 12:03:52.000,extra_232
6,9804,20716,2025-04-23 12:03:53.000,extra_233
4,8288,15894,2025-04-23 12:03:54.000,extra_234
10,4565,281336,2025-04-23 12:03:55.000,extra_235
5,9340,478217,2025-04-23 12:03:56.000,extra_236
3,6807,283053,2025-04-23 12:03:57.000,extra_237
3,2859,667196,2025-04-23 12:03:58.000,extra_238
4,2955,831629,2025-04-23 12:03:59.000,extra_239
6,8850,275237,2025-04-23 12:04:00.000,extra_240
1,1516,970080,2025-04-23 12:04:01.000,extra_241
9,8745,815126,2025-04-23 12:04:02.000,extra_242
7,6644,548995,2025-04-23 12:04:03.000,extra_243
4,2349,28821,2025-04-23 12:04:04.000,extra_244
10,4591,42958,2025-04-23 12:04:05.000,extra_245
8,9568,275759,2025-04-23 12:04:06.000,extra_246
5,9186,820894,2025-04-23 12:04:07.000,extra_247
5,5761,664659,2025-04-23 12:04:08.000,extra_248
9,6575,82104,2025-04-23 12:04:09.000,extra_249
10,5831,287445,2025-04-23 12:04:10.000,extra_250
3,2571,361480,2025-04-23 12:04:11.000,extra_251
8,1037,101589,2025-04-23 12:04:12.000,extra_252
1,1161,229240,2025-04-23 12:04:13.000,extra_253
7,3587,766848,2025-04-23 12:04:14.000,extra_254
2,4550,876384,2025-04-23 12:04:15.000,extra_255
9,9833,805394,2025-04-23 12:04:16.000,extra_256
6,5697,603323,2025-04-23 12:04:17.000,extra_257
7,1354,663120,2025-04-23 12:04:18.000,extra_258
6,3823,414743,2025-04-23 12:04:19.000,extra_259
5,9871,440859,2025-04-23 12:04:20.000,extra_260
6,3982,624273,2025-04-23 12:04:21.000,extra_261
9,5381,978137,2025-04-23 12:04:22.000,extra_262
3,5665,488289,2025-04-23 12:04:23.000,extra_263
9,6802,407186,2025-04-23 12:04:24.000,extra_264
4,6487,850942,2025-04-23 12:04:25.000,extra_265
1,9529,546584,2025-04-23 12:04:26.000,extra_266
8,8744,27375,2025-04-23 12:04:27.000,extra_267
3,3291,433406,2025-04-23 12:04:28.000,extra_268
7,4018,681009,2025-04-23 12:04:29.000,extra_269
4,7475,865566,2025-04-23 12:04:30.000,extra_270
9,7122,85440,2025-04-23 12:04:31.000,extra_271
9,1469,639031,2025-04-23 12:04:32.000,extra_272
1,5080,404158,2025-04-23 12:04:33.000,extra_273
7,6824,5410,2025-04-23 12:04:34.000,extra_274
10,2225,198156,2025-04-23 12:04:35.000,extra_275
2,4618,578395,2025-04-23 12:04:36.000,extra_276
6,1136,285199,2025-04-23 12:04:37.000,extra_277
10,4740,105895,2025-04-23 12:04:38.000,extra_278
7,3895,581604,2025-04-23 12:04:39.000,extra_279
5,2052,223613,2025-04-23 12:04:40.000,extra_280
1,8306,18683,2025-04-23 12:04:41.000,extra_281
7,4757,522376,2025-04-23 12:04:42.000,extra_282
2,5666,367680,2025-04-23 12:04:43.000,extra_283
2,6844,918333,2025-04-23 12:04:44.000,extra_284
2,6312,840194,2025-04-23 12:04:45.000,extra_285
4,3129,729005,2025-04-23 12:04:46.000,extra_286
10,6125,701565,2025-04-23 12:04:47.000,extra_287
1,5158,524060,2025-04-23 12:04:48.000,extra_288
4,8057,945212,2025-04-23 12:04:49.000,extra_289
8,9026,625665,2025-04-23 12:04:50.000,extra_290
8,1292,974640,2025-04-23 12:04:51.000,extra_291
6,1476,963729,2025-04-23 12:04:52.000,extra_292
1,3546,521827,2025-04-23 12:04:53.000,extra_293
10,1532,789755,2025-04-23 12:04:54.000,extra_294
4,8197,783622,2025-04-23 12:04:55.000,extra_295
10,3227,794092,2025-04-23 12:04:56.000,extra_296
5,5504,792743,2025-04-23 12:04:57.000,extra_297
1,7965,968556,2025-04-23 12:04:58.000,extra_298
8,5456,391187,2025-04-23 12:04:59.000,extra_299
10,3904,129230,2025-04-23 12:05:00.000,extra_300
2,4159,872263,2025-04-23 12:05:01.000,extra_301
4,7381,547689,2025-04-23 12:05:02.000,extra_302
3,9905,96802,2025-04-23 12:05:03.000,extra_303
7,2111,316407,2025-04-23 12:05:04.000,extra_304
6,8783,716648,2025-04-23 12:05:05.000,extra_305
8,6509,504454,2025-04-23 12:05:06.000,extra_306
3,3504,214800,2025-04-23 12:05:07.000,extra_307
6,8331,256978,2025-04-23 12:05:08.000,extra_308
1,3455,930347,2025-04-23 12:05:09.000,extra_309
6,2753,608724,2025-04-23 12:05:10.000,extra_310
5,2745,780784,2025-04-23 12:05:11.000,extra_311
9,1901,729985,2025-04-23 12:05:12.000,extra_312
7,2756,644812,2025-04-23 12:05:13.000,extra_313
3,9025,887627,2025-04-23 12:05:14.000,extra_314
4,9366,478935,2025-04-23 12:05:15.000,extra_315
2,5711,951111,2025-04-23 12:05:16.000,extra_316
5,4935,751825,2025-04-23 12:05:17.000,extra_317
10,8635,75578,2025-04-23 12:05:18.000,extra_318
8,8557,553963,2025-04-23 12:05:19.000,extra_319
8,9104,376686,2025-04-23 12:05:20.000,extra_320
5,9622,462724,2025-04-23 12:05:21.000,extra_321
5,3384,175987,2025-04-23 12:05:22.000,extra_322
4,7688,471786,2025-04-23 12:05:23.000,extra_323
9,1951,745358,2025-04-23 12:05:24.000,extra_324
3,4617,515114,2025-04-23 12:05:25.000,extra_325
3,1951,841561,2025-04-23 12:05:26.000,extra_326
8,8578,903626,2025-04-23 12:05:27.000,extra_327
9,4152,623878,2025-04-23 12:05:28.000,extra_328
10,5886,581214,2025-04-23 12:05:29.000,extra_329
1,3334,448601,2025-04-23 12:05:30.000,extra_330
1,6727,8405,2025-04-23 12:05:31.000,extra_331
5,5429,247322,2025-04-23 12:05:32.000,extra_332
1,5439,632747,2025-04-23 12:05:33.000,extra_333
6,6874,253095,2025-04-23 12:05:34.000,extra_334
10,9907,950554,2025-04-23 12:05:35.000,extra_335
6,7924,769455,2025-04-23 12:05:36.000,extra_336
1,2926,975160,2025-04-23 12:05:37.000,extra_337
7,4127,868334,2025-04-23 12:05:38.000,extra_338
8,8620,4010,2025-04-23 12:05:39.000,extra_339
4,5899,730940,2025-04-23 12:05:40.000,extra_340
2,8175,667683,2025-04-23 12:05:41.000,extra_341
1,8707,439526,2025-04-23 12:05:42.000,extra_342
1,8630,199389,2025-04-23 12:05:43.000,extra_343
6,5922,157639,2025-04-23 12:05:44.000,extra_344
7,5733,710960,2025-04-23 12:05:45.000,extra_345
7,7017,535138,2025-04-23 12:05:46.000,extra_346
1,7330,722542,2025-04-23 12:05:47.000,extra_347
5,5086,188612,2025-04-23 12:05:48.000,extra_348
5,7878,774591,2025-04-23 12:05:49.000,extra_349
5,1878,521727,2025-04-23 12:05:50.000,extra_350
1,2295,280798,2025-04-23 12:05:51.000,extra_351
10,2542,282834,2025-04-23 12:05:52.000,extra_352
8,8724,808346,2025-04-23 12:05:53.000,extra_353
8,5263,264526,2025-04-23 12:05:54.000,extra_354
8,1317,817246,2025-04-23 12:05:55.000,extra_355
5,5715,42253,2025-04-23 12:05:56.000,extra_356
9,7111,619509,2025-04-23 12:05:57.000,extra_357
7,2826,758113,2025-04-23 12:05:58.000,extra_358
3,2540,133309,2025-04-23 12:05:59.000,extra_359
2,4653,77864,2025-04-23 12:06:00.000,extra_360
9,3923,438312,2025-04-23 12:06:01.000,extra_361
10,4972,513964,2025-04-23 12:06:02.000,extra_362
2,7181,600543,2025-04-23 12:06:03.000,extra_363
4,7428,469362,2025-04-23 12:06:04.000,extra_364
5,1855,481433,2025-04-23 12:06:05.000,extra_365
8,3621,42290,2025-04-23 12:06:06.000,extra_366
1,8747,373985,2025-04-23 12:06:07.000,extra_367
6,3201,362715,2025-04-23 12:06:08.000,extra_368
5,3682,725461,2025-04-23 12:06:09.000,extra_369
4,6732,708937,2025-04-23 12:06:10.000,extra_370
8,1709,32409,2025-04-23 12:06:11.000,extra_371
3,7604,34521,2025-04-23 12:06:12.000,extra_372
3,7621,266659,2025-04-23 12:06:13.000,extra_373
2,8636,902485,2025-04-23 12:06:14.000,extra_374
6,1474,994840,2025-04-23 12:06:15.000,extra_375
6,8750,496639,2025-04-23 12:06:16.000,extra_376
7,9949,996069,2025-04-23 12:06:17.000,extra_377
2,2521,28913,2025-04-23 12:06:18.000,extra_378
8,8386,880817,2025-04-23 12:06:19.000,extra_379
9,9230,617105,2025-04-23 12:06:20.000,extra_380
3,4434,742426,2025-04-23 12:06:21.000,extra_381
1,8586,950449,2025-04-23 12:06:22.000,extra_382
1,2066,212051,2025-04-23 12:06:23.000,extra_383
9,2082,149045,2025-04-23 12:06:24.000,extra_384
7,9912,947949,2025-04-23 12:06:25.000,extra_385
7,3971,947828,2025-04-23 12:06:26.000,extra_386
10,1376,267189,2025-04-23 12:06:27.000,extra_387
6,7190,332898,2025-04-23 12:06:28.000,extra_388
7,7689,206251,2025-04-23 12:06:29.000,extra_389
1,6480,758308,2025-04-23 12:06:30.000,extra_390
6,7538,44102,2025-04-23 12:06:31.000,extra_391
1,3443,260625,2025-04-23 12:06:32.000,extra_392
8,1851,684581,2025-04-23 12:06:33.000,extra_393
1,9504,594105,2025-04-23 12:06:34.000,extra_394
4,5573,928285,2025-04-23 12:06:35.000,extra_395
9,5015,50116,2025-04-23 12:06:36.000,extra_396
1,6681,936190,2025-04-23 12:06:37.000,extra_397
8,4758,889075,2025-04-23 12:06:38.000,extra_398
4,9893,609236,2025-04-23 12:06:39.000,extra_399
5,7942,281198,2025-04-23 12:06:40.000,extra_400
10,8009,699629,2025-04-23 12:06:41.000,extra_401
6,5942,32154,2025-04-23 12:06:42.000,extra_402
3,9952,118675,2025-04-23 12:06:43.000,extra_403
6,1593,141169,2025-04-23 12:06:44.000,extra_404
6,9975,41668,2025-04-23 12:06:45.000,extra_405
5,2174,837758,2025-04-23 12:06:46.000,extra_406
4,7132,919294,2025-04-23 12:06:47.000,extra_407
3,2220,236128,2025-04-23 12:06:48.000,extra_408
4,8358,724765,2025-04-23 12:06:49.000,extra_409
2,3509,128219,2025-04-23 12:06:50.000,extra_410
1,4230,767578,2025-04-23 12:06:51.000,extra_411
8,9803,505149,2025-04-23 12:06:52.000,extra_412
3,1052,849433,2025-04-23 12:06:53.000,extra_413
6,8935,688844,2025-04-23 12:06:54.000,extra_414
2,2624,339000,2025-04-23 12:06:55.000,extra_415
2,4948,204235,2025-04-23 12:06:56.000,extra_416
8,1445,443417,2025-04-23 12:06:57.000,extra_417
5,5104,101346,2025-04-23 12:06:58.000,extra_418
3,6441,149691,2025-04-23 12:06:59.000,extra_419
7,2746,985474,2025-04-23 12:07:00.000,extra_420
2,3116,430285,2025-04-23 12:07:01.000,extra_421
6,2933,542362,2025-04-23 12:07:02.000,extra_422
4,2870,182496,2025-04-23 12:07:03.000,extra_423
9,7171,216456,2025-04-23 12:07:04.000,extra_424
1,2271,862493,2025-04-23 12:07:05.000,extra_425
10,7384,548703,2025-04-23 12:07:06.000,extra_426
2,7102,43315,2025-04-23 12:07:07.000,extra_427
8,7250,77166,2025-04-23 12:07:08.000,extra_428
4,4311,629106,2025-04-23 12:07:09.000,extra_429
9,3450,841693,2025-04-23 12:07:10.000,extra_430
3,1532,459248,2025-04-23 12:07:11.000,extra_431
1,7920,843179,2025-04-23 12:07:12.000,extra_432
8,2231,755078,2025-04-23 12:07:13.000,extra_433
6,7842,630269,2025-04-23 12:07:14.000,extra_434
4,5907,291155,2025-04-23 12:07:15.000,extra_435
5,5448,487068,2025-04-23 12:07:16.000,extra_436
5,2065,524272,2025-04-23 12:07:17.000,extra_437
1,1832,333290,2025-04-23 12:07:18.000,extra_438
1,5933,24056,2025-04-23 12:07:19.000,extra_439
10,4004,427975,2025-04-23 12:07:20.000,extra_440
6,7377,235193,2025-04-23 12:07:21.000,extra_441
10,5995,917433,2025-04-23 12:07:22.000,extra_442
3,8001,622590,2025-04-23 12:07:23.000,extra_443
2,6537,900272,2025-04-23 12:07:24.000,extra_444
10,5164,578366,2025-04-23 12:07:25.000,extra_445
4,5265,252670,2025-04-23 12:07:26.000,extra_446
10,5468,216321,2025-04-23 12:07:27.000,extra_447
9,2865,415982,2025-04-23 12:07:28.000,extra_448
8,6519,298458,2025-04-23 12:07:29.000,extra_449
7,4898,667211,2025-04-23 12:07:30.000,extra_450
2,6168,577053,2025-04-23 12:07:31.000,extra_451
1,1689,153913,2025-04-23 12:07:32.000,extra_452
1,9544,566572,2025-04-23 12:07:33.000,extra_453
10,1652,78869,2025-04-23 12:07:34.000,extra_454
8,2775,848133,2025-04-23 12:07:35.000,extra_455
1,6413,250065,2025-04-23 12:07:36.000,extra_456
9,4927,608178,2025-04-23 12:07:37.000,extra_457
2,4476,499538,2025-04-23 12:07:38.000,extra_458
9,9316,416536,2025-04-23 12:07:39.000,extra_459
6,4853,34382,2025-04-23 12:07:40.000,extra_460
9,1933,129266,2025-04-23 12:07:41.000,extra_461
4,9873,90683,2025-04-23 12:07:42.000,extra_462
10,7206,915911,2025-04-23 12:07:43.000,extra_463
4,5509,257466,2025-04-23 12:07:44.000,extra_464
8,3670,851335,2025-04-23 12:07:45.000,extra_465
9,4892,854192,2025-04-23 12:07:46.000,extra_466
9,2208,555653,2025-04-23 12:07:47.000,extra_467
6,9289,920699,2025-04-23 12:07:48.000,extra_468
8,2027,228143,2025-04-23 12:07:49.000,extra_469
8,2602,453038,2025-04-23 12:07:50.000,extra_470
8,8211,398148,2025-04-23 12:07:51.000,extra_471
1,8286,947761,2025-04-23 12:07:52.000,extra_472
2,6447,295924,2025-04-23 12:07:53.000,extra_473
2,9610,789522,2025-04-23 12:07:54.000,extra_474
2,3395,338269,2025-04-23 12:07:55.000,extra_475
8,3268,983756,2025-04-23 12:07:56.000,extra_476
8,6038,160218,2025-04-23 12:07:57.000,extra_477
9,4647,253830,2025-04-23 12:07:58.000,extra_478
7,2649,2481,2025-04-23 12:07:59.000,extra_479
7,9689,522060,2025-04-23 12:08:00.000,extra_480
1,1807,630547,2025-04-23 12:08:01.000,extra_481
7,6803,515335,2025-04-23 12:08:02.000,extra_482
5,4121,525775,2025-04-23 12:08:03.000,extra_483
9,8181,709906,2025-04-23 12:08:04.000,extra_484
10,4817,6917,2025-04-23 12:08:05.000,extra_485
2,8308,176502,2025-04-23 12:08:06.000,extra_486
7,9827,186096,2025-04-23 12:08:07.000,extra_487
4,7090,858638,2025-04-23 12:08:08.000,extra_488
3,2754,135620,2025-04-23 12:08:09.000,extra_489
9,6680,63384,2025-04-23 12:08:10.000,extra_490
4,8601,206965,2025-04-23 12:08:11.000,extra_491
2,1085,842400,2025-04-23 12:08:12.000,extra_492
8,4174,33910,2025-04-23 12:08:13.000,extra_493
4,4355,962540,2025-04-23 12:08:14.000,extra_494
5,2259,50535,2025-04-23 12:08:15.000,extra_495
2,3913,660453,2025-04-23 12:08:16.000,extra_496
8,2968,925518,2025-04-23 12:08:17.000,extra_497
3,3802,776527,2025-04-23 12:08:18.000,extra_498
4,1533,482830,2025-04-23 12:08:19.000,extra_499
5,8638,972339,2025-04-23 12:08:20.000,extra_500
10,2500,666261,2025-04-23 12:08:21.000,extra_501
10,8065,196170,2025-04-23 12:08:22.000,extra_502
4,4973,821479,2025-04-23 12:08:23.000,extra_503
5,6385,695258,2025-04-23 12:08:24.000,extra_504
3,3028,430256,2025-04-23 12:08:25.000,extra_505
4,8069,975617,2025-04-23 12:08:26.000,extra_506
9,3429,444050,2025-04-23 12:08:27.000,extra_507
3,8035,908239,2025-04-23 12:08:28.000,extra_508
9,8761,290675,2025-04-23 12:08:29.000,extra_509
10,4340,289267,2025-04-23 12:08:30.000,extra_510
2,5426,227295,2025-04-23 12:08:31.000,extra_511
5,3269,790529,2025-04-23 12:08:32.000,extra_512
8,9333,958705,2025-04-23 12:08:33.000,extra_513
6,8307,841275,2025-04-23 12:08:34.000,extra_514
8,5249,822868,2025-04-23 12:08:35.000,extra_515
10,2779,907103,2025-04-23 12:08:36.000,extra_516
7,2420,930331,2025-04-23 12:08:37.000,extra_517
9,8517,561055,2025-04-23 12:08:38.000,extra_518
10,3489,181526,2025-04-23 12:08:39.000,extra_519
6,2149,188220,2025-04-23 12:08:40.000,extra_520
8,3095,684490,2025-04-23 12:08:41.000,extra_521
1,9734,512229,2025-04-23 12:08:42.000,extra_522
7,6274,75959,2025-04-23 12:08:43.000,extra_523
2,8668,725018,2025-04-23 12:08:44.000,extra_524
7,9357,922655,2025-04-23 12:08:45.000,extra_525
4,1282,54631,2025-04-23 12:08:46.000,extra_526
6,3649,913227,2025-04-23 12:08:47.000,extra_527
6,5208,82197,2025-04-23 12:08:48.000,extra_528
6,8786,294417,2025-04-23 12:08:49.000,extra_529
9,9057,782568,2025-04-23 12:08:50.000,extra_530
10,6512,973805,2025-04-23 12:08:51.000,extra_531
10,2555,283749,2025-04-23 12:08:52.000,extra_532
6,7588,425209,2025-04-23 12:08:53.000,extra_533
8,1266,356561,2025-04-23 12:08:54.000,extra_534
7,1244,554902,2025-04-23 12:08:55.000,extra_535
3,1422,451437,2025-04-23 12:08:56.000,extra_536
2,1763,775755,2025-04-23 12:08:57.000,extra_537
4,5807,385206,2025-04-23 12:08:58.000,extra_538
4,4177,564489,2025-04-23 12:08:59.000,extra_539
6,7328,267891,2025-04-23 12:09:00.000,extra_540
6,9124,402501,2025-04-23 12:09:01.000,extra_541
8,4562,155838,2025-04-23 12:09:02.000,extra_542
9,7928,268871,2025-04-23 12:09:03.000,extra_543
5,4930,236159,2025-04-23 12:09:04.000,extra_544
1,1315,8741,2025-04-23 12:09:05.000,extra_545
6,3926,57124,2025-04-23 12:09:06.000,extra_546
7,7325,16695,2025-04-23 12:09:07.000,extra_547
9,6988,870567,2025-04-23 12:09:08.000,extra_548
7,1218,451520,2025-04-23 12:09:09.000,extra_549
9,9173,33573,2025-04-23 12:09:10.000,extra_550
8,7378,301273,2025-04-23 12:09:11.000,extra_551
9,5650,959987,2025-04-23 12:09:12.000,extra_552
10,9168,188085,2025-04-23 12:09:13.000,extra_553
5,6440,892319,2025-04-23 12:09:14.000,extra_554
1,2234,611620,2025-04-23 12:09:15.000,extra_555
8,3784,767483,2025-04-23 12:09:16.000,extra_556
7,7550,760606,2025-04-23 12:09:17.000,extra_557
1,6941,393570,2025-04-23 12:09:18.000,extra_558
4,9775,779952,2025-04-23 12:09:19.000,extra_559
5,4840,794926,2025-04-23 12:09:20.000,extra_560
5,5678,119097,2025-04-23 12:09:21.000,extra_561
6,6012,312445,2025-04-23 12:09:22.000,extra_562
7,3411,724559,2025-04-23 12:09:23.000,extra_563
2,2322,627736,2025-04-23 12:09:24.000,extra_564
8,8046,121933,2025-04-23 12:09:25.000,extra_565
5,4404,629094,2025-04-23 12:09:26.000,extra_566
9,2054,569006,2025-04-23 12:09:27.000,extra_567
5,8009,433516,2025-04-23 12:09:28.000,extra_568
8,9537,956588,2025-04-23 12:09:29.000,extra_569
6,2927,778327,2025-04-23 12:09:30.000,extra_570
8,8349,689056,2025-04-23 12:09:31.000,extra_571
1,3985,280425,2025-04-23 12:09:32.000,extra_572
5,8214,520102,2025-04-23 12:09:33.000,extra_573
4,6747,341563,2025-04-23 12:09:34.000,extra_574
2,7331,481043,2025-04-23 12:09:35.000,extra_575
7,3477,230998,2025-04-23 12:09:36.000,extra_576
1,7152,161727,2025-04-23 12:09:37.000,extra_577
8,5187,103774,2025-04-23 12:09:38.000,extra_578
4,1782,747330,2025-04-23 12:09:39.000,extra_579
4,5266,476735,2025-04-23 12:09:40.000,extra_580
8,3068,996377,2025-04-23 12:09:41.000,extra_581
5,7909,722985,2025-04-23 12:09:42.000,extra_582
6,2541,100240,2025-04-23 12:09:43.000,extra_583
7,6994,829130,2025-04-23 12:09:44.000,extra_584
8,1266,64223,2025-04-23 12:09:45.000,extra_585
8,6627,164901,2025-04-23 12:09:46.000,extra_586
2,5925,714491,2025-04-23 12:09:47.000,extra_587
6,6714,98841,2025-04-23 12:09:48.000,extra_588
2,1923,712251,2025-04-23 12:09:49.000,extra_589
10,7096,205989,2025-04-23 12:09:50.000,extra_590
4,2922,326603,2025-04-23 12:09:51.000,extra_591
3,4705,227906,2025-04-23 12:09:52.000,extra_592
10,8007,578295,2025-04-23 12:09:53.000,extra_593
2,2489,465578,2025-04-23 12:09:54.000,extra_594
9,6543,48639,2025-04-23 12:09:55.000,extra_595
4,7318,450516,2025-04-23 12:09:56.000,extra_596
3,3604,846718,2025-04-23 12:09:57.000,extra_597
3,7827,393856,2025-04-23 12:09:58.000,extra_598
8,8879,474925,2025-04-23 12:09:59.000,extra_599
9,7469,951914,2025-04-23 12:10:00.000,extra_600
5,2818,456019,2025-04-23 12:10:01.000,extra_601
5,7054,241926,2025-04-23 12:10:02.000,extra_602
2,4219,615183,2025-04-23 12:10:03.000,extra_603
2,8027,64079,2025-04-23 12:10:04.000,extra_604
8,9918,70644,2025-04-23 12:10:05.000,extra_605
5,1051,858664,2025-04-23 12:10:06.000,extra_606
6,3305,514843,2025-04-23 12:10:07.000,extra_607
9,3211,593043,2025-04-23 12:10:08.000,extra_608
7,2766,650620,2025-04-23 12:10:09.000,extra_609
1,6974,295217,2025-04-23 12:10:10.000,extra_610
1,2626,302671,2025-04-23 12:10:11.000,extra_611
9,1066,913728,2025-04-23 12:10:12.000,extra_612
5,8898,971069,2025-04-23 12:10:13.000,extra_613
2,7676,588056,2025-04-23 12:10:14.000,extra_614
9,4429,21907,2025-04-23 12:10:15.000,extra_615
7,7017,23095,2025-04-23 12:10:16.000,extra_616
2,2822,424849,2025-04-23 12:10:17.000,extra_617
9,2219,158920,2025-04-23 12:10:18.000,extra_618
1,6810,636042,2025-04-23 12:10:19.000,extra_619
9,4843,871335,2025-04-23 12:10:20.000,extra_620
6,9997,698620,2025-04-23 12:10:21.000,extra_621
2,6620,804116,2025-04-23 12:10:22.000,extra_622
7,3763,440120,2025-04-23 12:10:23.000,extra_623
8,4656,54883,2025-04-23 12:10:24.000,extra_624
10,1895,928226,2025-04-23 12:10:25.000,extra_625
2,8455,534359,2025-04-23 12:10:26.000,extra_626
2,2545,17499,2025-04-23 12:10:27.000,extra_627
5,8587,55132,2025-04-23 12:10:28.000,extra_628
5,3398,123648,2025-04-23 12:10:29.000,extra_629
9,8939,256623,2025-04-23 12:10:30.000,extra_630
7,9868,319639,2025-04-23 12:10:31.000,extra_631
8,3412,338689,2025-04-23 12:10:32.000,extra_632
10,1900,807755,2025-04-23 12:10:33.000,extra_633
4,7553,430555,2025-04-23 12:10:34.000,extra_634
2,5349,429601,2025-04-23 12:10:35.000,extra_635
10,9675,330428,2025-04-23 12:10:36.000,extra_636
10,6858,297867,2025-04-23 12:10:37.000,extra_637
7,2532,394984,2025-04-23 12:10:38.000,extra_638
9,8445,771836,2025-04-23 12:10:39.000,extra_639
8,3185,247823,2025-04-23 12:10:40.000,extra_640
2,2340,674028,2025-04-23 12:10:41.000,extra_641
3,4602,614441,2025-04-23 12:10:42.000,extra_642
9,2975,316654,2025-04-23 12:10:43.000,extra_643
9,9431,866182,2025-04-23 12:10:44.000,extra_644
10,9323,609676,2025-04-23 12:10:45.000,extra_645
8,9524,946384,2025-04-23 12:10:46.000,extra_646
9,9096,594839,2025-04-23 12:10:47.000,extra_647
4,9459,865509,2025-04-23 12:10:48.000,extra_648
7,3239,859501,2025-04-23 12:10:49.000,extra_649
10,2067,552004,2025-04-23 12:10:50.000,extra_650
6,3028,253690,2025-04-23 12:10:51.000,extra_651
5,4471,767732,2025-04-23 12:10:52.000,extra_652
10,6889,722074,2025-04-23 12:10:53.000,extra_653
10,3564,71769,2025-04-23 12:10:54.000,extra_654
2,9821,997860,2025-04-23 12:10:55.000,extra_655
7,2114,762897,2025-04-23 12:10:56.000,extra_656
6,5739,625154,2025-04-23 12:10:57.000,extra_657
8,4800,700979,2025-04-23 12:10:58.000,extra_658
4,3274,418230,2025-04-23 12:10:59.000,extra_659
8,6676,387881,2025-04-23 12:11:00.000,extra_660
5,9963,953242,2025-04-23 12:11:01.000,extra_661
1,4603,650147,2025-04-23 12:11:02.000,extra_662
6,2521,461805,2025-04-23 12:11:03.000,extra_663
7,8522,307128,2025-04-23 12:11:04.000,extra_664
5,2801,127853,2025-04-23 12:11:05.000,extra_665
3,9720,845161,2025-04-23 12:11:06.000,extra_666
3,3021,949174,2025-04-23 12:11:07.000,extra_667
5,2832,526756,2025-04-23 12:11:08.000,extra_668
9,8912,375027,2025-04-23 12:11:09.000,extra_669
9,7929,119501,2025-04-23 12:11:10.000,extra_670
8,9776,88941,2025-04-23 12:11:11.000,extra_671
2,1921,951593,2025-04-23 12:11:12.000,extra_672
1,7548,547280,2025-04-23 12:11:13.000,extra_673
2,7762,990718,2025-04-23 12:11:14.000,extra_674
8,3356,531631,2025-04-23 12:11:15.000,extra_675
9,8260,162943,2025-04-23 12:11:16.000,extra_676
3,7729,204466,2025-04-23 12:11:17.000,extra_677
10,8765,751176,2025-04-23 12:11:18.000,extra_678
5,9908,329475,2025-04-23 12:11:19.000,extra_679
3,5139,856600,2025-04-23 12:11:20.000,extra_680
8,6132,951747,2025-04-23 12:11:21.000,extra_681
5,2497,691444,2025-04-23 12:11:22.000,extra_682
7,4422,822936,2025-04-23 12:11:23.000,extra_683
5,3383,347049,2025-04-23 12:11:24.000,extra_684
1,6544,410406,2025-04-23 12:11:25.000,extra_685
9,9217,654441,2025-04-23 12:11:26.000,extra_686
3,7171,154237,2025-04-23 12:11:27.000,extra_687
3,5675,205592,2025-04-23 12:11:28.000,extra_688
9,3706,327232,2025-04-23 12:11:29.000,extra_689
10,7948,853285,2025-04-23 12:11:30.000,extra_690
8,9109,805036,2025-04-23 12:11:31.000,extra_691
3,8031,626121,2025-04-23 12:11:32.000,extra_692
6,2363,167595,2025-04-23 12:11:33.000,extra_693
9,2228,614588,2025-04-23 12:11:34.000,extra_694
9,4491,354021,2025-04-23 12:11:35.000,extra_695
10,3682,293969,2025-04-23 12:11:36.000,extra_696
5,8987,56570,2025-04-23 12:11:37.000,extra_697
5,2853,715638,2025-04-23 12:11:38.000,extra_698
8,7756,83068,2025-04-23 12:11:39.000,extra_699
8,7290,307696,2025-04-23 12:11:40.000,extra_700
9,6972,496043,2025-04-23 12:11:41.000,extra_701
6,1754,113260,2025-04-23 12:11:42.000,extra_702
1,2210,359088,2025-04-23 12:11:43.000,extra_703
5,5585,131191,2025-04-23 12:11:44.000,extra_704
2,1568,154190,2025-04-23 12:11:45.000,extra_705
3,1456,270056,2025-04-23 12:11:46.000,extra_706
2,7507,8804,2025-04-23 12:11:47.000,extra_707
7,4815,898872,2025-04-23 12:11:48.000,extra_708
7,8745,850387,2025-04-23 12:11:49.000,extra_709
6,3268,866596,2025-04-23 12:11:50.000,extra_710
8,5436,925788,2025-04-23 12:11:51.000,extra_711
6,4832,896888,2025-04-23 12:11:52.000,extra_712
3,9021,154401,2025-04-23 12:11:53.000,extra_713
2,7250,916795,2025-04-23 12:11:54.000,extra_714
7,6123,670380,2025-04-23 12:11:55.000,extra_715
5,5169,769179,2025-04-23 12:11:56.000,extra_716
5,8396,573027,2025-04-23 12:11:57.000,extra_717
6,4154,659719,2025-04-23 12:11:58.000,extra_718
10,5538,379688,2025-04-23 12:11:59.000,extra_719
10,3630,823666,2025-04-23 12:12:00.000,extra_720
8,8868,223243,2025-04-23 12:12:01.000,extra_721
9,8979,906098,2025-04-23 12:12:02.000,extra_722
6,3027,502904,2025-04-23 12:12:03.000,extra_723
2,8373,464775,2025-04-23 12:12:04.000,extra_724
1,4462,907908,2025-04-23 12:12:05.000,extra_725
2,6482,483611,2025-04-23 12:12:06.000,extra_726
10,3442,300469,2025-04-23 12:12:07.000,extra_727
8,1853,607291,2025-04-23 12:12:08.000,extra_728
9,5024,570952,2025-04-23 12:12:09.000,extra_729
9,5153,85833,2025-04-23 12:12:10.000,extra_730
4,2732,142740,2025-04-23 12:12:11.000,extra_731
4,6671,112906,2025-04-23 12:12:12.000,extra_732
8,3892,738187,2025-04-23 12:12:13.000,extra_733
3,8361,895349,2025-04-23 12:12:14.000,extra_734
9,3667,977314,2025-04-23 12:12:15.000,extra_735
7,5813,579421,2025-04-23 12:12:16.000,extra_736
7,1867,92860,2025-04-23 12:12:17.000,extra_737
10,2078,352060,2025-04-23 12:12:18.000,extra_738
8,9913,97956,2025-04-23 12:12:19.000,extra_739
7,8653,445721,2025-04-23 12:12:20.000,extra_740
4,9107,24722,2025-04-23 12:12:21.000,extra_741
3,2295,969980,2025-04-23 12:12:22.000,extra_742
1,3935,422064,2025-04-23 12:12:23.000,extra_743
1,8547,3605,2025-04-23 12:12:24.000,extra_744
5,6400,932601,2025-04-23 12:12:25.000,extra_745
7,2031,805587,2025-04-23 12:12:26.000,extra_746
5,6241,21028,2025-04-23 12:12:27.000,extra_747
10,3914,75340,2025-04-23 12:12:28.000,extra_748
1,2543,9373,2025-04-23 12:12:29.000,extra_749
3,8905,6230,2025-04-23 12:12:30.000,extra_750
10,8006,861355,2025-04-23 12:12:31.000,extra_751
9,7657,936732,2025-04-23 12:12:32.000,extra_752
4,9369,235613,2025-04-23 12:12:33.000,extra_753
10,7797,190310,2025-04-23 12:12:34.000,extra_754
3,7694,683628,2025-04-23 12:12:35.000,extra_755
1,2763,330963,2025-04-23 12:12:36.000,extra_756
7,5698,549810,2025-04-23 12:12:37.000,extra_757
2,5251,931190,2025-04-23 12:12:38.000,extra_758
2,8531,329843,2025-04-23 12:12:39.000,extra_759
2,5046,128472,2025-04-23 12:12:40.000,extra_760
9,8317,620209,2025-04-23 12:12:41.000,extra_761
6,3300,310409,2025-04-23 12:12:42.000,extra_762
4,5899,219467,2025-04-23 12:12:43.000,extra_763
2,5188,937665,2025-04-23 12:12:44.000,extra_764
5,8261,164954,2025-04-23 12:12:45.000,extra_765
9,4606,413424,2025-04-23 12:12:46.000,extra_766
4,1008,16194,2025-04-23 12:12:47.000,extra_767
7,5350,568828,2025-04-23 12:12:48.000,extra_768
5,3933,153141,2025-04-23 12:12:49.000,extra_769
5,2796,927395,2025-04-23 12:12:50.000,extra_770
2,1730,457826,2025-04-23 12:12:51.000,extra_771
5,4188,438899,2025-04-23 12:12:52.000,extra_772
3,1129,353826,2025-04-23 12:12:53.000,extra_773
4,7521,969013,2025-04-23 12:12:54.000,extra_774
7,1419,734728,2025-04-23 12:12:55.000,extra_775
1,5853,272784,2025-04-23 12:12:56.000,extra_776
4,4214,630242,2025-04-23 12:12:57.000,extra_777
9,3978,687686,2025-04-23 12:12:58.000,extra_778
8,7846,476686,2025-04-23 12:12:59.000,extra_779
3,1911,265658,2025-04-23 12:13:00.000,extra_780
6,2725,212955,2025-04-23 12:13:01.000,extra_781
3,4732,214320,2025-04-23 12:13:02.000,extra_782
3,1549,544898,2025-04-23 12:13:03.000,extra_783
10,8662,518677,2025-04-23 12:13:04.000,extra_784
10,7143,628917,2025-04-23 12:13:05.000,extra_785
1,6826,441942,2025-04-23 12:13:06.000,extra_786
5,2702,915525,2025-04-23 12:13:07.000,extra_787
8,9046,155447,2025-04-23 12:13:08.000,extra_788
9,3140,54733,2025-04-23 12:13:09.000,extra_789
6,4339,123460,2025-04-23 12:13:10.000,extra_790
6,8769,727488,2025-04-23 12:13:11.000,extra_791
7,6617,622906,2025-04-23 12:13:12.000,extra_792
3,7462,290864,2025-04-23 12:13:13.000,extra_793
10,4696,578514,2025-04-23 12:13:14.000,extra_794
10,7071,658147,2025-04-23 12:13:15.000,extra_795
8,8340,211435,2025-04-23 12:13:16.000,extra_796
5,1568,897280,2025-04-23 12:13:17.000,extra_797
7,8695,671199,2025-04-23 12:13:18.000,extra_798
3,9585,523744,2025-04-23 12:13:19.000,extra_799
10,5159,992445,2025-04-23 12:13:20.000,extra_800
9,6609,560576,2025-04-23 12:13:21.000,extra_801
9,7073,682060,2025-04-23 12:13:22.000,extra_802
7,2926,197356,2025-04-23 12:13:23.000,extra_803
6,1033,558066,2025-04-23 12:13:24.000,extra_804
10,5316,673052,2025-04-23 12:13:25.000,extra_805
1,7251,660691,2025-04-23 12:13:26.000,extra_806
4,7210,288354,2025-04-23 12:13:27.000,extra_807
3,1562,158280,2025-04-23 12:13:28.000,extra_808
8,3591,518636,2025-04-23 12:13:29.000,extra_809
8,1290,31559,2025-04-23 12:13:30.000,extra_810
5,5838,511021,2025-04-23 12:13:31.000,extra_811
3,3124,88327,2025-04-23 12:13:32.000,extra_812
6,5355,877854,2025-04-23 12:13:33.000,extra_813
7,4670,549979,2025-04-23 12:13:34.000,extra_814
9,8230,406774,2025-04-23 12:13:35.000,extra_815
10,2931,135817,2025-04-23 12:13:36.000,extra_816
7,6891,748357,2025-04-23 12:13:37.000,extra_817
4,2085,784925,2025-04-23 12:13:38.000,extra_818
9,8338,231033,2025-04-23 12:13:39.000,extra_819
5,3248,273723,2025-04-23 12:13:40.000,extra_820
3,5552,987787,2025-04-23 12:13:41.000,extra_821
8,9740,327320,2025-04-23 12:13:42.000,extra_822
8,4234,912334,2025-04-23 12:13:43.000,extra_823
10,8958,935844,2025-04-23 12:13:44.000,extra_824
2,4313,433262,2025-04-23 12:13:45.000,extra_825
10,2125,433850,2025-04-23 12:13:46.000,extra_826
3,3735,68732,2025-04-23 12:13:47.000,extra_827
8,6429,774588,2025-04-23 12:13:48.000,extra_828
7,7619,200543,2025-04-23 12:13:49.000,extra_829
7,8062,903010,2025-04-23 12:13:50.000,extra_830
6,4764,206611,2025-04-23 12:13:51.000,extra_831
6,6244,813369,2025-04-23 12:13:52.000,extra_832
9,4410,274435,2025-04-23 12:13:53.000,extra_833
10,8616,691357,2025-04-23 12:13:54.000,extra_834
1,8687,348552,2025-04-23 12:13:55.000,extra_835
1,6093,690205,2025-04-23 12:13:56.000,extra_836
5,8065,119915,2025-04-23 12:13:57.000,extra_837
4,8083,379868,2025-04-23 12:13:58.000,extra_838
5,4562,453384,2025-04-23 12:13:59.000,extra_839
10,3713,254551,2025-04-23 12:14:00.000,extra_840
4,2755,892820,2025-04-23 12:14:01.000,extra_841
10,1419,470080,2025-04-23 12:14:02.000,extra_842
2,7715,604746,2025-04-23 12:14:03.000,extra_843
3,3491,764002,2025-04-23 12:14:04.000,extra_844
8,4764,864971,2025-04-23 12:14:05.000,extra_845
10,1375,569503,2025-04-23 12:14:06.000,extra_846
9,9307,136754,2025-04-23 12:14:07.000,extra_847
7,6180,254812,2025-04-23 12:14:08.000,extra_848
6,8552,141986,2025-04-23 12:14:09.000,extra_849
10,6295,18336,2025-04-23 12:14:10.000,extra_850
1,6539,132705,2025-04-23 12:14:11.000,extra_851
1,7472,256590,2025-04-23 12:14:12.000,extra_852
6,6640,861522,2025-04-23 12:14:13.000,extra_853
10,7196,465073,2025-04-23 12:14:14.000,extra_854
5,7346,54935,2025-04-23 12:14:15.000,extra_855
10,7514,356336,2025-04-23 12:14:16.000,extra_856
10,3987,997413,2025-04-23 12:14:17.000,extra_857
5,1898,774182,2025-04-23 12:14:18.000,extra_858
4,8924,697165,2025-04-23 12:14:19.000,extra_859
9,4886,337261,2025-04-23 12:14:20.000,extra_860
2,8733,476007,2025-04-23 12:14:21.000,extra_861
5,9700,937815,2025-04-23 12:14:22.000,extra_862
2,1809,754153,2025-04-23 12:14:23.000,extra_863
8,6558,419680,2025-04-23 12:14:24.000,extra_864
4,6252,342841,2025-04-23 12:14:25.000,extra_865
1,2656,462693,2025-04-23 12:14:26.000,extra_866
8,8312,648322,2025-04-23 12:14:27.000,extra_867
1,5926,613018,2025-04-23 12:14:28.000,extra_868
1,6847,283800,2025-04-23 12:14:29.000,extra_869
9,1160,210816,2025-04-23 12:14:30.000,extra_870
6,4153,59667,2025-04-23 12:14:31.000,extra_871
7,6330,256928,2025-04-23 12:14:32.000,extra_872
8,9489,95683,2025-04-23 12:14:33.000,extra_873
5,3756,471755,2025-04-23 12:14:34.000,extra_874
2,1330,665984,2025-04-23 12:14:35.000,extra_875
2,7896,953774,2025-04-23 12:14:36.000,extra_876
8,6078,772676,2025-04-23 12:14:37.000,extra_877
1,5270,945875,2025-04-23 12:14:38.000,extra_878
4,7649,797364,2025-04-23 12:14:39.000,extra_879
6,6526,146674,2025-04-23 12:14:40.000,extra_880
10,4975,646253,2025-04-23 12:14:41.000,extra_881
10,3355,259622,2025-04-23 12:14:42.000,extra_882
7,4454,808850,2025-04-23 12:14:43.000,extra_883
3,1285,646983,2025-04-23 12:14:44.000,extra_884
8,5770,643859,2025-04-23 12:14:45.000,extra_885
2,9623,302800,2025-04-23 12:14:46.000,extra_886
6,5474,863522,2025-04-23 12:14:47.000,extra_887
9,6119,391650,2025-04-23 12:14:48.000,extra_888
9,8806,832124,2025-04-23 12:14:49.000,extra_889
9,2919,800699,2025-04-23 12:14:50.000,extra_890
5,2600,987133,2025-04-23 12:14:51.000,extra_891
8,8906,391633,2025-04-23 12:14:52.000,extra_892
7,1878,940998,2025-04-23 12:14:53.000,extra_893
5,1921,132392,2025-04-23 12:14:54.000,extra_894
8,5043,698680,2025-04-23 12:14:55.000,extra_895
2,9403,134429,2025-04-23 12:14:56.000,extra_896
1,2082,950072,2025-04-23 12:14:57.000,extra_897
6,3803,849073,2025-04-23 12:14:58.000,extra_898
2,3885,507151,2025-04-23 12:14:59.000,extra_899
3,9248,596357,2025-04-23 12:15:00.000,extra_900
6,1330,296162,2025-04-23 12:15:01.000,extra_901
4,2273,678434,2025-04-23 12:15:02.000,extra_902
9,5386,15714,2025-04-23 12:15:03.000,extra_903
8,4722,483572,2025-04-23 12:15:04.000,extra_904
3,4754,769788,2025-04-23 12:15:05.000,extra_905
9,5014,831578,2025-04-23 12:15:06.000,extra_906
2,9905,279099,2025-04-23 12:15:07.000,extra_907
8,7917,590402,2025-04-23 12:15:08.000,extra_908
8,5472,374756,2025-04-23 12:15:09.000,extra_909
6,2312,82325,2025-04-23 12:15:10.000,extra_910
9,7419,239121,2025-04-23 12:15:11.000,extra_911
2,4964,51533,2025-04-23 12:15:12.000,extra_912
10,6121,411901,2025-04-23 12:15:13.000,extra_913
3,8961,678393,2025-04-23 12:15:14.000,extra_914
3,5764,21066,2025-04-23 12:15:15.000,extra_915
2,4347,897187,2025-04-23 12:15:16.000,extra_916
5,4951,187831,2025-04-23 12:15:17.000,extra_917
10,2992,832527,2025-04-23 12:15:18.000,extra_918
5,5664,232691,2025-04-23 12:15:19.000,extra_919
2,8404,718272,2025-04-23 12:15:20.000,extra_920
3,7730,881171,2025-04-23 12:15:21.000,extra_921
2,8595,205894,2025-04-23 12:15:22.000,extra_922
10,9927,305551,2025-04-23 12:15:23.000,extra_923
4,5904,963116,2025-04-23 12:15:24.000,extra_924
6,9146,938734,2025-04-23 12:15:25.000,extra_925
1,3065,912565,2025-04-23 12:15:26.000,extra_926
7,9371,2513,2025-04-23 12:15:27.000,extra_927
8,4098,415831,2025-04-23 12:15:28.000,extra_928
1,2031,125302,2025-04-23 12:15:29.000,extra_929
6,1932,618766,2025-04-23 12:15:30.000,extra_930
9,4886,144667,2025-04-23 12:15:31.000,extra_931
5,3041,499178,2025-04-23 12:15:32.000,extra_932
2,2373,502554,2025-04-23 12:15:33.000,extra_933
10,8354,827116,2025-04-23 12:15:34.000,extra_934
10,2705,631833,2025-04-23 12:15:35.000,extra_935
2,8707,78138,2025-04-23 12:15:36.000,extra_936
6,5917,352485,2025-04-23 12:15:37.000,extra_937
3,2296,901319,2025-04-23 12:15:38.000,extra_938
6,2570,34485,2025-04-23 12:15:39.000,extra_939
5,9445,829769,2025-04-23 12:15:40.000,extra_940
6,5968,491895,2025-04-23 12:15:41.000,extra_941
8,5340,229691,2025-04-23 12:15:42.000,extra_942
10,7292,590213,2025-04-23 12:15:43.000,extra_943
5,7403,746750,2025-04-23 12:15:44.000,extra_944
3,8034,176273,2025-04-23 12:15:45.000,extra_945
6,4054,15584,2025-04-23 12:15:46.000,extra_946
2,9157,633212,2025-04-23 12:15:47.000,extra_947
10,5349,23964,2025-04-23 12:15:48.000,extra_948
8,8198,275529,2025-04-23 12:15:49.000,extra_949
9,8885,641927,2025-04-23 12:15:50.000,extra_950
6,5513,351383,2025-04-23 12:15:51.000,extra_951
7,7818,39488,2025-04-23 12:15:52.000,extra_952
9,6296,417940,2025-04-23 12:15:53.000,extra_953
2,7405,851169,2025-04-23 12:15:54.000,extra_954
3,3489,317991,2025-04-23 12:15:55.000,extra_955
8,2349,408655,2025-04-23 12:15:56.000,extra_956
7,6970,667100,2025-04-23 12:15:57.000,extra_957
4,9977,838197,2025-04-23 12:15:58.000,extra_958
8,4213,326931,2025-04-23 12:15:59.000,extra_959
8,7049,26447,2025-04-23 12:16:00.000,extra_960
6,3320,322033,2025-04-23 12:16:01.000,extra_961
4,9646,858736,2025-04-23 12:16:02.000,extra_962
4,4923,470247,2025-04-23 12:16:03.000,extra_963
9,6472,463951,2025-04-23 12:16:04.000,extra_964
8,2667,271602,2025-04-23 12:16:05.000,extra_965
4,5740,32172,2025-04-23 12:16:06.000,extra_966
1,8546,299233,2025-04-23 12:16:07.000,extra_967
4,7750,933435,2025-04-23 12:16:08.000,extra_968
7,4882,918017,2025-04-23 12:16:09.000,extra_969
9,2142,436177,2025-04-23 12:16:10.000,extra_970
8,2770,194447,2025-04-23 12:16:11.000,extra_971
1,5241,851044,2025-04-23 12:16:12.000,extra_972
1,6920,925006,2025-04-23 12:16:13.000,extra_973
4,9784,585128,2025-04-23 12:16:14.000,extra_974
6,5287,128652,2025-04-23 12:16:15.000,extra_975
9,8498,716125,2025-04-23 12:16:16.000,extra_976
4,2780,39409,2025-04-23 12:16:17.000,extra_977
10,4874,477572,2025-04-23 12:16:18.000,extra_978
1,9137,783043,2025-04-23 12:16:19.000,extra_979
2,3543,988327,2025-04-23 12:16:20.000,extra_980
6,7994,702287,2025-04-23 12:16:21.000,extra_981
6,3402,923655,2025-04-23 12:16:22.000,extra_982
6,4226,40023,2025-04-23 12:16:23.000,extra_983
6,3776,26461,2025-04-23 12:16:24.000,extra_984
7,5251,453755,2025-04-23 12:16:25.000,extra_985
8,6403,702854,2025-04-23 12:16:26.000,extra_986
10,8477,593239,2025-04-23 12:16:27.000,extra_987
10,1642,554809,2025-04-23 12:16:28.000,extra_988
1,1811,812911,2025-04-23 12:16:29.000,extra_989
9,3093,504942,2025-04-23 12:16:30.000,extra_990
1,5626,25876,2025-04-23 12:16:31.000,extra_991
1,7058,940542,2025-04-23 12:16:32.000,extra_992
3,8995,877060,2025-04-23 12:16:33.000,extra_993
1,5635,840884,2025-04-23 12:16:34.000,extra_994
2,5682,849675,2025-04-23 12:16:35.000,extra_995
1,5397,505965,2025-04-23 12:16:36.000,extra_996
9,2418,901483,2025-04-23 12:16:37.000,extra_997
6,7852,154108,2025-04-23 12:16:38.000,extra_998
3,5059,837049,2025-04-23 12:16:39.000,extra_999
