18,3,2025-04-26 19:07:24.524
2,4,2025-04-26 19:07:25.631
12,5,2025-04-26 19:07:27.049
7,4,2025-04-26 19:07:28.552
13,5,2025-04-26 19:07:29.890
7,3,2025-04-26 19:07:30.486
18,4,2025-04-26 19:07:31.706
1,3,2025-04-26 19:07:32.525
8,3,2025-04-26 19:07:34.346
14,3,2025-04-26 19:07:36.096
5,3,2025-04-26 19:07:37.834
13,4,2025-04-26 19:07:38.900
16,1,2025-04-26 19:07:39.419
10,4,2025-04-26 19:07:40.651
3,1,2025-04-26 19:07:42.043
17,2,2025-04-26 19:07:42.802
9,2,2025-04-26 19:07:44.251
5,5,2025-04-26 19:07:46.208
7,2,2025-04-26 19:07:47.099
14,5,2025-04-26 19:07:48.344
18,3,2025-04-26 19:07:48.980
16,1,2025-04-26 19:07:49.588
14,2,2025-04-26 19:07:51.086
14,1,2025-04-26 19:07:51.654
20,1,2025-04-26 19:07:52.505
8,4,2025-04-26 19:07:53.300
14,4,2025-04-26 19:07:54.224
8,5,2025-04-26 19:07:55.001
11,5,2025-04-26 19:07:56.004
10,5,2025-04-26 19:07:57.427
11,1,2025-04-26 19:07:59.169
8,4,2025-04-26 19:08:00.607
17,3,2025-04-26 19:08:01.369
11,5,2025-04-26 19:08:02.921
7,5,2025-04-26 19:08:03.812
6,2,2025-04-26 19:08:04.763
10,5,2025-04-26 19:08:05.751
2,2,2025-04-26 19:08:07.130
5,4,2025-04-26 19:08:08.041
14,5,2025-04-26 19:08:09.755
20,4,2025-04-26 19:08:10.327
20,1,2025-04-26 19:08:10.916
6,3,2025-04-26 19:08:12.125
17,2,2025-04-26 19:08:13.961
18,2,2025-04-26 19:08:14.954
17,4,2025-04-26 19:08:16.404
2,1,2025-04-26 19:08:17.142
1,1,2025-04-26 19:08:17.768
4,4,2025-04-26 19:08:18.960
13,5,2025-04-26 19:08:20.042
13,2,2025-04-26 19:08:21.456
7,3,2025-04-26 19:08:22.388
6,3,2025-04-26 19:08:23.302
2,1,2025-04-26 19:08:24.927
19,1,2025-04-26 19:08:25.657
8,3,2025-04-26 19:08:26.510
2,2,2025-04-26 19:08:28.474
15,2,2025-04-26 19:08:29.176
18,5,2025-04-26 19:08:30.176
2,3,2025-04-26 19:08:31.905
4,4,2025-04-26 19:08:32.913
10,1,2025-04-26 19:08:34.010
16,2,2025-04-26 19:08:34.833
6,3,2025-04-26 19:08:36.795
5,5,2025-04-26 19:08:38.090
4,3,2025-04-26 19:08:39.702
6,4,2025-04-26 19:08:41.553
4,1,2025-04-26 19:08:42.777
19,1,2025-04-26 19:08:44.478
4,2,2025-04-26 19:08:45.332
6,5,2025-04-26 19:08:46.590
3,4,2025-04-26 19:08:48.208
14,3,2025-04-26 19:08:49.071
7,1,2025-04-26 19:08:50.547
2,5,2025-04-26 19:08:52.465
7,1,2025-04-26 19:08:53.946
11,4,2025-04-26 19:08:54.868
6,4,2025-04-26 19:08:56.571
1,1,2025-04-26 19:08:57.846
2,5,2025-04-26 19:08:58.861
9,5,2025-04-26 19:09:00.028
18,5,2025-04-26 19:09:01.866
6,4,2025-04-26 19:09:02.480
14,4,2025-04-26 19:09:03.725
18,2,2025-04-26 19:09:05.505
14,4,2025-04-26 19:09:06.804
5,4,2025-04-26 19:09:08.392
8,2,2025-04-26 19:09:09.800
5,1,2025-04-26 19:09:10.848
8,4,2025-04-26 19:09:11.668
18,5,2025-04-26 19:09:13.573
20,1,2025-04-26 19:09:15.083
6,1,2025-04-26 19:09:15.914
8,5,2025-04-26 19:09:16.937
16,5,2025-04-26 19:09:18.718
4,5,2025-04-26 19:09:19.682
1,2,2025-04-26 19:09:21.544
13,1,2025-04-26 19:09:23.415
4,3,2025-04-26 19:09:25.205
11,1,2025-04-26 19:09:26.427
18,3,2025-04-26 19:09:27.568
19,3,2025-04-26 19:09:28.791
9,3,2025-04-26 19:09:29.764
4,3,2025-04-26 19:09:31.535
5,3,2025-04-26 19:09:32.287
9,3,2025-04-26 19:09:33.095
6,3,2025-04-26 19:09:34.578
7,5,2025-04-26 19:09:36.430
14,4,2025-04-26 19:09:38.075
16,2,2025-04-26 19:09:38.644
9,3,2025-04-26 19:09:40.572
20,2,2025-04-26 19:09:41.187
18,3,2025-04-26 19:09:42.587
20,2,2025-04-26 19:09:44.413
6,4,2025-04-26 19:09:45.849
1,2,2025-04-26 19:09:46.675
11,5,2025-04-26 19:09:48.003
20,1,2025-04-26 19:09:49.968
12,5,2025-04-26 19:09:51.434
6,2,2025-04-26 19:09:52.958
19,3,2025-04-26 19:09:53.715
4,1,2025-04-26 19:09:55.180
10,3,2025-04-26 19:09:56.857
8,1,2025-04-26 19:09:58.102
1,3,2025-04-26 19:09:59.888
15,2,2025-04-26 19:10:01.180
16,4,2025-04-26 19:10:02.904
10,5,2025-04-26 19:10:04.810
11,1,2025-04-26 19:10:06.160
13,1,2025-04-26 19:10:07.705
8,1,2025-04-26 19:10:09.328
15,1,2025-04-26 19:10:10.361
13,4,2025-04-26 19:10:11.039
5,1,2025-04-26 19:10:11.968
8,1,2025-04-26 19:10:12.718
17,5,2025-04-26 19:10:14.474
5,4,2025-04-26 19:10:15.370
5,1,2025-04-26 19:10:16.377
3,1,2025-04-26 19:10:18.317
1,3,2025-04-26 19:10:20.138
8,3,2025-04-26 19:10:21.401
2,5,2025-04-26 19:10:22.543
1,3,2025-04-26 19:10:23.342
6,2,2025-04-26 19:10:24.606
11,1,2025-04-26 19:10:25.971
4,1,2025-04-26 19:10:27.938
8,5,2025-04-26 19:10:28.880
6,5,2025-04-26 19:10:30.221
12,4,2025-04-26 19:10:32.061
14,4,2025-04-26 19:10:33.640
15,3,2025-04-26 19:10:35.426
20,3,2025-04-26 19:10:36.205
16,4,2025-04-26 19:10:37.172
20,4,2025-04-26 19:10:38.113
2,2,2025-04-26 19:10:38.917
13,3,2025-04-26 19:10:40.134
19,4,2025-04-26 19:10:41.546
5,3,2025-04-26 19:10:42.664
15,3,2025-04-26 19:10:44.276
20,4,2025-04-26 19:10:44.801
17,2,2025-04-26 19:10:46.171
16,1,2025-04-26 19:10:47.730
16,1,2025-04-26 19:10:48.867
15,4,2025-04-26 19:10:50.837
3,5,2025-04-26 19:10:52.111
1,5,2025-04-26 19:10:52.882
19,2,2025-04-26 19:10:54.039
1,2,2025-04-26 19:10:55.313
8,5,2025-04-26 19:10:56.965
17,5,2025-04-26 19:10:58.534
5,4,2025-04-26 19:10:59.410
10,3,2025-04-26 19:11:00.869
18,2,2025-04-26 19:11:02.429
15,5,2025-04-26 19:11:03.004
13,2,2025-04-26 19:11:04.913
19,2,2025-04-26 19:11:06.504
11,4,2025-04-26 19:11:07.314
7,3,2025-04-26 19:11:08.841
19,2,2025-04-26 19:11:09.654
11,2,2025-04-26 19:11:11.592
10,5,2025-04-26 19:11:13.306
15,3,2025-04-26 19:11:14.456
18,2,2025-04-26 19:11:15.862
2,1,2025-04-26 19:11:17.007
1,4,2025-04-26 19:11:17.777
20,1,2025-04-26 19:11:19.324
20,4,2025-04-26 19:11:21.040
16,3,2025-04-26 19:11:22.716
18,5,2025-04-26 19:11:24.066
8,5,2025-04-26 19:11:25.298
12,2,2025-04-26 19:11:26.445
4,3,2025-04-26 19:11:27.664
9,5,2025-04-26 19:11:29.546
5,5,2025-04-26 19:11:31.177
18,3,2025-04-26 19:11:32.527
7,2,2025-04-26 19:11:33.955
12,3,2025-04-26 19:11:35.041
13,5,2025-04-26 19:11:36.185
13,5,2025-04-26 19:11:37.455
20,1,2025-04-26 19:11:38.459
5,2,2025-04-26 19:11:39.033
17,4,2025-04-26 19:11:40.776
19,3,2025-04-26 19:11:41.688
10,2,2025-04-26 19:11:42.319
19,5,2025-04-26 19:11:43.926
10,3,2025-04-26 19:11:45.118
4,2,2025-04-26 19:11:45.899
8,4,2025-04-26 19:11:46.805
1,5,2025-04-26 19:11:47.625
15,4,2025-04-26 19:11:49.084
11,2,2025-04-26 19:11:50.706
13,4,2025-04-26 19:11:52.552
4,5,2025-04-26 19:11:53.338
15,2,2025-04-26 19:11:55.152
15,1,2025-04-26 19:11:57.061
11,1,2025-04-26 19:11:58.962
6,3,2025-04-26 19:12:00.110
3,5,2025-04-26 19:12:00.785
16,1,2025-04-26 19:12:01.726
7,4,2025-04-26 19:12:02.342
14,4,2025-04-26 19:12:03.390
14,2,2025-04-26 19:12:04.814
17,5,2025-04-26 19:12:05.587
1,3,2025-04-26 19:12:06.958
1,5,2025-04-26 19:12:07.750
11,4,2025-04-26 19:12:08.595
9,1,2025-04-26 19:12:10.396
8,4,2025-04-26 19:12:11.876
5,4,2025-04-26 19:12:13.704
7,2,2025-04-26 19:12:15.301
14,2,2025-04-26 19:12:17.248
15,2,2025-04-26 19:12:18.388
11,1,2025-04-26 19:12:20.014
3,2,2025-04-26 19:12:21.325
3,2,2025-04-26 19:12:22.097
8,3,2025-04-26 19:12:22.838
14,5,2025-04-26 19:12:23.417
7,5,2025-04-26 19:12:24.082
1,2,2025-04-26 19:12:25.001
4,3,2025-04-26 19:12:26.615
7,3,2025-04-26 19:12:27.851
1,4,2025-04-26 19:12:28.531
19,3,2025-04-26 19:12:29.979
6,2,2025-04-26 19:12:31.356
6,2,2025-04-26 19:12:32.582
13,4,2025-04-26 19:12:33.530
10,3,2025-04-26 19:12:35.430
4,3,2025-04-26 19:12:36.535
20,5,2025-04-26 19:12:38.249
10,5,2025-04-26 19:12:38.981
13,3,2025-04-26 19:12:40.494
5,4,2025-04-26 19:12:41.229
1,5,2025-04-26 19:12:41.772
1,1,2025-04-26 19:12:42.688
8,1,2025-04-26 19:12:43.438
10,4,2025-04-26 19:12:44.024
5,1,2025-04-26 19:12:44.583
19,4,2025-04-26 19:12:46.371
4,2,2025-04-26 19:12:47.926
1,3,2025-04-26 19:12:49.774
9,2,2025-04-26 19:12:51.203
16,4,2025-04-26 19:12:53.053
5,5,2025-04-26 19:12:53.691
8,4,2025-04-26 19:12:55.078
19,3,2025-04-26 19:12:55.892
8,3,2025-04-26 19:12:56.637
2,2,2025-04-26 19:12:57.554
4,1,2025-04-26 19:12:59.191
7,3,2025-04-26 19:13:00.146
9,3,2025-04-26 19:13:01.291
5,5,2025-04-26 19:13:02.537
5,2,2025-04-26 19:13:04.370
20,2,2025-04-26 19:13:05.962
3,1,2025-04-26 19:13:06.813
11,1,2025-04-26 19:13:08.734
20,3,2025-04-26 19:13:10.603
13,3,2025-04-26 19:13:11.372
17,5,2025-04-26 19:13:12.611
5,3,2025-04-26 19:13:13.204
4,5,2025-04-26 19:13:13.900
5,4,2025-04-26 19:13:15.685
18,1,2025-04-26 19:13:16.698
7,3,2025-04-26 19:13:18.269
18,2,2025-04-26 19:13:18.968
17,3,2025-04-26 19:13:20.462
6,4,2025-04-26 19:13:21.594
3,3,2025-04-26 19:13:22.379
14,5,2025-04-26 19:13:22.928
19,1,2025-04-26 19:13:24.350
6,3,2025-04-26 19:13:26.175
19,1,2025-04-26 19:13:27.544
16,1,2025-04-26 19:13:29.231
4,1,2025-04-26 19:13:31.130
5,2,2025-04-26 19:13:32.468
20,3,2025-04-26 19:13:33.463
9,1,2025-04-26 19:13:34.062
20,5,2025-04-26 19:13:35.360
8,3,2025-04-26 19:13:36.281
3,4,2025-04-26 19:13:37.409
17,1,2025-04-26 19:13:38.662
7,5,2025-04-26 19:13:40.205
2,4,2025-04-26 19:13:41.590
16,1,2025-04-26 19:13:43.343
11,4,2025-04-26 19:13:45.159
15,5,2025-04-26 19:13:46.888
13,3,2025-04-26 19:13:48.656
11,5,2025-04-26 19:13:49.508
18,2,2025-04-26 19:13:50.694
7,4,2025-04-26 19:13:52.354
19,3,2025-04-26 19:13:54.003
15,3,2025-04-26 19:13:55.453
7,3,2025-04-26 19:13:56.960
19,4,2025-04-26 19:13:58.128
15,4,2025-04-26 19:13:59.597
15,1,2025-04-26 19:14:00.849
5,2,2025-04-26 19:14:01.542
11,5,2025-04-26 19:14:02.487
13,3,2025-04-26 19:14:03.752
20,2,2025-04-26 19:14:05.103
20,1,2025-04-26 19:14:06.205
11,2,2025-04-26 19:14:08.162
12,3,2025-04-26 19:14:10.129
6,4,2025-04-26 19:14:11.793
19,4,2025-04-26 19:14:12.688
3,5,2025-04-26 19:14:14.001
6,3,2025-04-26 19:14:14.883
5,5,2025-04-26 19:14:16.829
20,4,2025-04-26 19:14:17.541
7,3,2025-04-26 19:14:18.114
8,1,2025-04-26 19:14:19.775
14,1,2025-04-26 19:14:21.224
8,2,2025-04-26 19:14:22.323
7,4,2025-04-26 19:14:23.635
16,4,2025-04-26 19:14:24.856
18,4,2025-04-26 19:14:26.368
11,4,2025-04-26 19:14:27.265
17,5,2025-04-26 19:14:27.875
12,1,2025-04-26 19:14:29.252
7,3,2025-04-26 19:14:30.273
17,1,2025-04-26 19:14:31.688
4,3,2025-04-26 19:14:32.390
18,2,2025-04-26 19:14:33.402
9,4,2025-04-26 19:14:35.301
5,5,2025-04-26 19:14:36.036
6,4,2025-04-26 19:14:37.161
16,2,2025-04-26 19:14:38.908
13,2,2025-04-26 19:14:39.414
6,4,2025-04-26 19:14:40.971
14,1,2025-04-26 19:14:42.488
16,3,2025-04-26 19:14:43.533
4,5,2025-04-26 19:14:44.640
11,3,2025-04-26 19:14:45.460
8,2,2025-04-26 19:14:46.746
2,1,2025-04-26 19:14:47.688
20,3,2025-04-26 19:14:48.391
12,2,2025-04-26 19:14:49.832
4,4,2025-04-26 19:14:51.526
3,1,2025-04-26 19:14:53.152
9,4,2025-04-26 19:14:54.205
1,1,2025-04-26 19:14:55.416
3,4,2025-04-26 19:14:57.027
8,3,2025-04-26 19:14:58.957
20,5,2025-04-26 19:15:00.558
2,4,2025-04-26 19:15:02.025
18,1,2025-04-26 19:15:03.798
7,4,2025-04-26 19:15:04.803
2,3,2025-04-26 19:15:06.403
17,1,2025-04-26 19:15:07.319
14,2,2025-04-26 19:15:08.600
19,4,2025-04-26 19:15:09.802
10,4,2025-04-26 19:15:10.787
20,3,2025-04-26 19:15:11.327
7,5,2025-04-26 19:15:11.924
3,5,2025-04-26 19:15:13.134
12,1,2025-04-26 19:15:14.452
17,4,2025-04-26 19:15:15.404
11,1,2025-04-26 19:15:16.170
8,3,2025-04-26 19:15:17.883
20,4,2025-04-26 19:15:18.787
8,4,2025-04-26 19:15:19.835
18,5,2025-04-26 19:15:21.243
17,3,2025-04-26 19:15:22.740
2,3,2025-04-26 19:15:23.908
13,3,2025-04-26 19:15:25.702
7,3,2025-04-26 19:15:26.728
8,5,2025-04-26 19:15:27.843
4,3,2025-04-26 19:15:29.592
8,5,2025-04-26 19:15:30.473
11,1,2025-04-26 19:15:31.343
7,3,2025-04-26 19:15:32.092
1,2,2025-04-26 19:15:32.847
19,3,2025-04-26 19:15:34.736
19,4,2025-04-26 19:15:36.578
16,3,2025-04-26 19:15:37.634
2,3,2025-04-26 19:15:39.311
3,5,2025-04-26 19:15:40.108
3,4,2025-04-26 19:15:42.076
14,3,2025-04-26 19:15:43.132
20,5,2025-04-26 19:15:44.638
8,1,2025-04-26 19:15:46.623
10,1,2025-04-26 19:15:48.366
9,3,2025-04-26 19:15:49.455
18,1,2025-04-26 19:15:50.493
20,1,2025-04-26 19:15:51.968
13,1,2025-04-26 19:15:53.132
2,5,2025-04-26 19:15:54.383
10,3,2025-04-26 19:15:55.155
19,5,2025-04-26 19:15:56.441
17,4,2025-04-26 19:15:57.524
14,1,2025-04-26 19:15:59.121
1,1,2025-04-26 19:15:59.622
7,4,2025-04-26 19:16:00.940
18,2,2025-04-26 19:16:02.922
8,5,2025-04-26 19:16:04.127
3,2,2025-04-26 19:16:05.652
12,3,2025-04-26 19:16:06.505
13,1,2025-04-26 19:16:07.712
2,4,2025-04-26 19:16:09.569
4,4,2025-04-26 19:16:10.764
6,1,2025-04-26 19:16:12.381
2,5,2025-04-26 19:16:13.377
15,2,2025-04-26 19:16:14.268
2,3,2025-04-26 19:16:15.279
8,3,2025-04-26 19:16:17.149
20,4,2025-04-26 19:16:18.000
1,1,2025-04-26 19:16:19.129
3,4,2025-04-26 19:16:20.293
1,4,2025-04-26 19:16:21.612
2,5,2025-04-26 19:16:23.446
15,2,2025-04-26 19:16:24.589
16,3,2025-04-26 19:16:26.388
12,4,2025-04-26 19:16:27.641
13,4,2025-04-26 19:16:29.384
8,4,2025-04-26 19:16:30.254
6,2,2025-04-26 19:16:32.130
11,1,2025-04-26 19:16:32.916
14,2,2025-04-26 19:16:34.037
13,1,2025-04-26 19:16:35.770
2,2,2025-04-26 19:16:36.328
2,2,2025-04-26 19:16:38.021
2,4,2025-04-26 19:16:39.124
20,4,2025-04-26 19:16:40.489
15,5,2025-04-26 19:16:41.861
10,5,2025-04-26 19:16:43.737
20,3,2025-04-26 19:16:44.630
3,3,2025-04-26 19:16:46.582
16,4,2025-04-26 19:16:47.478
4,2,2025-04-26 19:16:49.257
6,2,2025-04-26 19:16:50.422
16,4,2025-04-26 19:16:51.831
17,3,2025-04-26 19:16:52.650
7,1,2025-04-26 19:16:54.474
20,5,2025-04-26 19:16:55.650
14,3,2025-04-26 19:16:56.642
12,1,2025-04-26 19:16:58.144
3,3,2025-04-26 19:16:58.884
16,3,2025-04-26 19:17:00.755
9,2,2025-04-26 19:17:01.906
19,4,2025-04-26 19:17:02.809
6,1,2025-04-26 19:17:03.573
17,3,2025-04-26 19:17:05.177
18,5,2025-04-26 19:17:06.036
8,3,2025-04-26 19:17:07.817
7,2,2025-04-26 19:17:09.315
2,2,2025-04-26 19:17:10.552
20,3,2025-04-26 19:17:11.873
3,3,2025-04-26 19:17:12.538
11,1,2025-04-26 19:17:13.267
4,4,2025-04-26 19:17:15.195
7,4,2025-04-26 19:17:15.775
16,3,2025-04-26 19:17:16.582
11,4,2025-04-26 19:17:18.405
12,4,2025-04-26 19:17:19.808
18,3,2025-04-26 19:17:20.637
13,3,2025-04-26 19:17:22.570
11,5,2025-04-26 19:17:23.164
10,5,2025-04-26 19:17:24.637
8,4,2025-04-26 19:17:25.235
1,3,2025-04-26 19:17:26.366
20,4,2025-04-26 19:17:27.966
8,5,2025-04-26 19:17:29.151
15,4,2025-04-26 19:17:29.812
19,5,2025-04-26 19:17:31.632
9,3,2025-04-26 19:17:33.089
8,5,2025-04-26 19:17:34.749
6,5,2025-04-26 19:17:35.870
9,4,2025-04-26 19:17:37.737
6,4,2025-04-26 19:17:38.468
18,1,2025-04-26 19:17:39.665
1,5,2025-04-26 19:17:41.012
12,4,2025-04-26 19:17:42.040
18,5,2025-04-26 19:17:43.719
11,2,2025-04-26 19:17:45.400
19,5,2025-04-26 19:17:46.693
14,1,2025-04-26 19:17:48.077
5,1,2025-04-26 19:17:49.097
10,2,2025-04-26 19:17:50.872
3,1,2025-04-26 19:17:52.260
3,4,2025-04-26 19:17:54.231
6,1,2025-04-26 19:17:55.632
10,2,2025-04-26 19:17:56.473
4,3,2025-04-26 19:17:57.738
18,5,2025-04-26 19:17:59.594
20,4,2025-04-26 19:18:00.886
17,3,2025-04-26 19:18:02.226
12,2,2025-04-26 19:18:03.346
11,1,2025-04-26 19:18:04.392
2,3,2025-04-26 19:18:05.966
8,1,2025-04-26 19:18:07.911
8,4,2025-04-26 19:18:08.925
1,3,2025-04-26 19:18:10.765
2,5,2025-04-26 19:18:11.951
12,2,2025-04-26 19:18:13.414
14,2,2025-04-26 19:18:14.940
3,5,2025-04-26 19:18:16.077
4,4,2025-04-26 19:18:17.926
19,4,2025-04-26 19:18:19.146
7,4,2025-04-26 19:18:20.732
9,3,2025-04-26 19:18:22.587
3,2,2025-04-26 19:18:23.395
8,4,2025-04-26 19:18:24.883
13,2,2025-04-26 19:18:26.004
4,1,2025-04-26 19:18:26.621
17,1,2025-04-26 19:18:28.501
16,2,2025-04-26 19:18:29.759
18,4,2025-04-26 19:18:31.521
9,1,2025-04-26 19:18:33.360
18,2,2025-04-26 19:18:34.213
10,4,2025-04-26 19:18:36.030
13,3,2025-04-26 19:18:37.583
4,2,2025-04-26 19:18:39.185
18,1,2025-04-26 19:18:40.772
14,1,2025-04-26 19:18:42.513
5,1,2025-04-26 19:18:43.735
11,4,2025-04-26 19:18:44.283
6,1,2025-04-26 19:18:45.927
16,5,2025-04-26 19:18:47.257
17,2,2025-04-26 19:18:48.226
8,5,2025-04-26 19:18:49.068
6,3,2025-04-26 19:18:49.982
7,2,2025-04-26 19:18:51.776
1,4,2025-04-26 19:18:53.343
20,3,2025-04-26 19:18:54.884
19,4,2025-04-26 19:18:55.456
8,2,2025-04-26 19:18:56.833
5,3,2025-04-26 19:18:58.592
19,2,2025-04-26 19:18:59.856
20,3,2025-04-26 19:19:00.961
4,2,2025-04-26 19:19:02.363
4,2,2025-04-26 19:19:02.991
10,1,2025-04-26 19:19:04.142
2,2,2025-04-26 19:19:05.353
15,3,2025-04-26 19:19:06.194
15,2,2025-04-26 19:19:07.857
7,4,2025-04-26 19:19:08.565
20,1,2025-04-26 19:19:10.032
18,2,2025-04-26 19:19:11.298
19,4,2025-04-26 19:19:12.416
2,3,2025-04-26 19:19:13.639
20,5,2025-04-26 19:19:14.806
11,1,2025-04-26 19:19:16.179
20,2,2025-04-26 19:19:16.939
1,1,2025-04-26 19:19:17.699
3,1,2025-04-26 19:19:18.204
12,5,2025-04-26 19:19:18.735
12,4,2025-04-26 19:19:20.240
19,4,2025-04-26 19:19:21.966
18,5,2025-04-26 19:19:22.963
11,2,2025-04-26 19:19:23.504
20,2,2025-04-26 19:19:24.639
2,3,2025-04-26 19:19:25.804
20,2,2025-04-26 19:19:26.391
18,3,2025-04-26 19:19:27.517
13,1,2025-04-26 19:19:28.717
17,5,2025-04-26 19:19:29.564
18,3,2025-04-26 19:19:30.402
15,2,2025-04-26 19:19:31.214
1,4,2025-04-26 19:19:31.748
12,3,2025-04-26 19:19:32.977
12,3,2025-04-26 19:19:34.772
14,1,2025-04-26 19:19:36.461
9,2,2025-04-26 19:19:36.999
11,2,2025-04-26 19:19:38.445
20,3,2025-04-26 19:19:39.998
10,5,2025-04-26 19:19:40.523
17,2,2025-04-26 19:19:41.327
19,4,2025-04-26 19:19:42.677
3,4,2025-04-26 19:19:44.260
1,1,2025-04-26 19:19:45.319
9,5,2025-04-26 19:19:46.538
7,5,2025-04-26 19:19:47.805
15,2,2025-04-26 19:19:49.443
3,3,2025-04-26 19:19:50.155
20,4,2025-04-26 19:19:50.790
6,1,2025-04-26 19:19:51.497
12,1,2025-04-26 19:19:52.403
12,3,2025-04-26 19:19:54.328
19,2,2025-04-26 19:19:55.857
14,5,2025-04-26 19:19:56.634
20,2,2025-04-26 19:19:57.598
11,4,2025-04-26 19:19:58.458
19,3,2025-04-26 19:19:58.989
3,2,2025-04-26 19:19:59.837
20,5,2025-04-26 19:20:00.852
5,5,2025-04-26 19:20:02.478
3,4,2025-04-26 19:20:04.103
6,2,2025-04-26 19:20:05.818
11,2,2025-04-26 19:20:07.639
6,1,2025-04-26 19:20:08.443
10,3,2025-04-26 19:20:08.948
16,1,2025-04-26 19:20:10.332
20,5,2025-04-26 19:20:11.800
10,5,2025-04-26 19:20:12.860
15,3,2025-04-26 19:20:14.789
16,4,2025-04-26 19:20:15.784
8,2,2025-04-26 19:20:16.366
8,3,2025-04-26 19:20:18.299
1,5,2025-04-26 19:20:19.738
20,2,2025-04-26 19:20:21.516
10,3,2025-04-26 19:20:23.121
10,3,2025-04-26 19:20:24.483
20,1,2025-04-26 19:20:25.462
19,3,2025-04-26 19:20:27.013
4,4,2025-04-26 19:20:28.785
18,3,2025-04-26 19:20:29.603
5,5,2025-04-26 19:20:30.324
17,5,2025-04-26 19:20:31.516
20,1,2025-04-26 19:20:32.580
11,2,2025-04-26 19:20:33.896
2,5,2025-04-26 19:20:35.221
15,5,2025-04-26 19:20:35.767
12,5,2025-04-26 19:20:36.954
11,1,2025-04-26 19:20:37.662
20,1,2025-04-26 19:20:38.980
7,3,2025-04-26 19:20:40.036
4,4,2025-04-26 19:20:41.164
1,2,2025-04-26 19:20:43.151
15,4,2025-04-26 19:20:44.648
4,1,2025-04-26 19:20:46.002
5,2,2025-04-26 19:20:47.773
5,3,2025-04-26 19:20:49.616
3,4,2025-04-26 19:20:50.414
15,3,2025-04-26 19:20:51.275
7,3,2025-04-26 19:20:51.807
10,1,2025-04-26 19:20:53.765
14,2,2025-04-26 19:20:54.764
7,1,2025-04-26 19:20:56.386
19,1,2025-04-26 19:20:58.137
6,2,2025-04-26 19:20:58.823
13,1,2025-04-26 19:20:59.551
16,2,2025-04-26 19:21:00.652
14,2,2025-04-26 19:21:02.376
15,1,2025-04-26 19:21:04.151
4,4,2025-04-26 19:21:05.698
14,5,2025-04-26 19:21:06.700
11,1,2025-04-26 19:21:08.332
6,5,2025-04-26 19:21:10.179
14,1,2025-04-26 19:21:11.411
9,4,2025-04-26 19:21:12.762
15,4,2025-04-26 19:21:14.370
1,3,2025-04-26 19:21:15.432
16,5,2025-04-26 19:21:17.078
12,1,2025-04-26 19:21:18.061
4,5,2025-04-26 19:21:18.840
16,1,2025-04-26 19:21:20.368
18,3,2025-04-26 19:21:21.190
14,1,2025-04-26 19:21:21.801
18,1,2025-04-26 19:21:23.264
4,2,2025-04-26 19:21:25.115
19,1,2025-04-26 19:21:26.352
8,3,2025-04-26 19:21:27.789
17,4,2025-04-26 19:21:28.583
6,5,2025-04-26 19:21:30.250
18,3,2025-04-26 19:21:31.066
6,4,2025-04-26 19:21:33.028
3,2,2025-04-26 19:21:34.301
3,1,2025-04-26 19:21:36.126
17,1,2025-04-26 19:21:36.985
14,4,2025-04-26 19:21:38.962
19,2,2025-04-26 19:21:39.836
15,3,2025-04-26 19:21:41.549
11,1,2025-04-26 19:21:42.420
5,2,2025-04-26 19:21:43.771
2,5,2025-04-26 19:21:45.340
12,2,2025-04-26 19:21:45.950
7,3,2025-04-26 19:21:47.633
1,5,2025-04-26 19:21:48.649
15,1,2025-04-26 19:21:49.695
17,3,2025-04-26 19:21:50.651
2,3,2025-04-26 19:21:51.878
17,5,2025-04-26 19:21:53.705
19,3,2025-04-26 19:21:55.380
14,3,2025-04-26 19:21:56.381
5,1,2025-04-26 19:21:56.947
19,4,2025-04-26 19:21:58.143
12,1,2025-04-26 19:22:00.023
5,4,2025-04-26 19:22:01.488
13,1,2025-04-26 19:22:02.530
7,4,2025-04-26 19:22:03.797
11,2,2025-04-26 19:22:04.626
3,2,2025-04-26 19:22:05.370
20,1,2025-04-26 19:22:06.125
2,3,2025-04-26 19:22:07.981
9,2,2025-04-26 19:22:09.576
19,2,2025-04-26 19:22:10.239
3,3,2025-04-26 19:22:11.087
16,3,2025-04-26 19:22:12.898
19,1,2025-04-26 19:22:13.480
15,5,2025-04-26 19:22:14.880
16,4,2025-04-26 19:22:16.792
4,1,2025-04-26 19:22:17.847
20,3,2025-04-26 19:22:18.543
3,4,2025-04-26 19:22:19.738
5,4,2025-04-26 19:22:20.958
15,3,2025-04-26 19:22:22.658
19,5,2025-04-26 19:22:24.486
6,4,2025-04-26 19:22:25.462
15,1,2025-04-26 19:22:27.305
12,5,2025-04-26 19:22:28.817
1,1,2025-04-26 19:22:30.188
1,1,2025-04-26 19:22:30.873
16,1,2025-04-26 19:22:32.184
20,2,2025-04-26 19:22:33.263
19,5,2025-04-26 19:22:34.996
13,5,2025-04-26 19:22:36.871
6,5,2025-04-26 19:22:38.778
19,3,2025-04-26 19:22:40.084
20,5,2025-04-26 19:22:41.225
18,5,2025-04-26 19:22:42.266
16,3,2025-04-26 19:22:44.043
4,3,2025-04-26 19:22:45.780
8,1,2025-04-26 19:22:46.590
4,1,2025-04-26 19:22:48.197
9,4,2025-04-26 19:22:48.955
16,4,2025-04-26 19:22:49.668
19,4,2025-04-26 19:22:50.861
6,1,2025-04-26 19:22:51.922
20,5,2025-04-26 19:22:53.171
18,2,2025-04-26 19:22:53.757
18,3,2025-04-26 19:22:55.360
14,3,2025-04-26 19:22:55.916
18,4,2025-04-26 19:22:56.426
9,5,2025-04-26 19:22:57.288
2,3,2025-04-26 19:22:58.453
14,5,2025-04-26 19:23:00.027
16,5,2025-04-26 19:23:01.012
8,2,2025-04-26 19:23:01.582
16,5,2025-04-26 19:23:02.485
7,2,2025-04-26 19:23:03.706
1,2,2025-04-26 19:23:04.318
5,2,2025-04-26 19:23:05.998
5,1,2025-04-26 19:23:06.773
5,1,2025-04-26 19:23:08.259
20,4,2025-04-26 19:23:09.848
16,3,2025-04-26 19:23:11.268
3,5,2025-04-26 19:23:11.945
4,5,2025-04-26 19:23:12.712
9,3,2025-04-26 19:23:13.804
16,2,2025-04-26 19:23:15.556
4,4,2025-04-26 19:23:17.103
17,3,2025-04-26 19:23:19.036
15,1,2025-04-26 19:23:19.548
11,2,2025-04-26 19:23:20.282
6,3,2025-04-26 19:23:21.567
5,1,2025-04-26 19:23:23.289
12,1,2025-04-26 19:23:24.890
3,2,2025-04-26 19:23:25.477
13,2,2025-04-26 19:23:26.512
14,5,2025-04-26 19:23:28.475
4,1,2025-04-26 19:23:29.616
12,5,2025-04-26 19:23:31.146
9,2,2025-04-26 19:23:33.125
20,3,2025-04-26 19:23:33.867
8,1,2025-04-26 19:23:34.994
5,1,2025-04-26 19:23:36.458
7,2,2025-04-26 19:23:37.449
7,5,2025-04-26 19:23:38.400
1,1,2025-04-26 19:23:39.063
6,2,2025-04-26 19:23:39.912
12,3,2025-04-26 19:23:41.254
7,1,2025-04-26 19:23:42.520
5,4,2025-04-26 19:23:43.680
17,5,2025-04-26 19:23:45.128
1,3,2025-04-26 19:23:46.105
14,1,2025-04-26 19:23:47.503
10,1,2025-04-26 19:23:48.382
16,2,2025-04-26 19:23:49.414
11,4,2025-04-26 19:23:51.240
16,3,2025-04-26 19:23:53.154
11,4,2025-04-26 19:23:54.183
19,5,2025-04-26 19:23:55.680
12,3,2025-04-26 19:23:57.102
7,4,2025-04-26 19:23:58.828
1,1,2025-04-26 19:24:00.289
9,5,2025-04-26 19:24:01.774
5,3,2025-04-26 19:24:02.770
8,5,2025-04-26 19:24:03.896
15,5,2025-04-26 19:24:05.346
6,4,2025-04-26 19:24:07.098
10,1,2025-04-26 19:24:08.104
19,3,2025-04-26 19:24:09.945
10,2,2025-04-26 19:24:10.948
3,4,2025-04-26 19:24:12.284
12,2,2025-04-26 19:24:12.853
18,3,2025-04-26 19:24:14.593
2,2,2025-04-26 19:24:15.943
8,1,2025-04-26 19:24:17.792
8,5,2025-04-26 19:24:18.544
20,1,2025-04-26 19:24:20.245
3,2,2025-04-26 19:24:22.202
9,3,2025-04-26 19:24:24.099
14,5,2025-04-26 19:24:25.585
11,2,2025-04-26 19:24:26.678
9,2,2025-04-26 19:24:28.385
6,5,2025-04-26 19:24:29.458
4,1,2025-04-26 19:24:30.027
10,5,2025-04-26 19:24:31.517
8,1,2025-04-26 19:24:33.032
1,1,2025-04-26 19:24:34.554
19,5,2025-04-26 19:24:35.149
9,2,2025-04-26 19:24:37.018
4,1,2025-04-26 19:24:37.849
7,2,2025-04-26 19:24:39.283
3,3,2025-04-26 19:24:39.957
9,4,2025-04-26 19:24:41.656
3,1,2025-04-26 19:24:42.920
12,3,2025-04-26 19:24:43.471
17,4,2025-04-26 19:24:44.404
17,5,2025-04-26 19:24:45.609
11,1,2025-04-26 19:24:46.176
2,3,2025-04-26 19:24:47.078
14,3,2025-04-26 19:24:47.875
6,5,2025-04-26 19:24:49.537
10,4,2025-04-26 19:24:50.925
11,3,2025-04-26 19:24:51.426
5,4,2025-04-26 19:24:52.091
9,3,2025-04-26 19:24:53.993
7,1,2025-04-26 19:24:55.794
7,4,2025-04-26 19:24:57.536
3,5,2025-04-26 19:24:58.212
13,3,2025-04-26 19:24:58.896
13,4,2025-04-26 19:25:00.430
17,2,2025-04-26 19:25:02.001
19,1,2025-04-26 19:25:02.883
6,3,2025-04-26 19:25:04.579
3,4,2025-04-26 19:25:05.670
17,2,2025-04-26 19:25:07.644
4,2,2025-04-26 19:25:08.241
7,2,2025-04-26 19:25:09.539
12,3,2025-04-26 19:25:10.175
10,4,2025-04-26 19:25:11.939
1,4,2025-04-26 19:25:13.328
6,5,2025-04-26 19:25:14.344
7,5,2025-04-26 19:25:15.367
14,5,2025-04-26 19:25:16.279
2,3,2025-04-26 19:25:18.027
5,3,2025-04-26 19:25:19.230
20,2,2025-04-26 19:25:20.762
7,1,2025-04-26 19:25:22.345
7,3,2025-04-26 19:25:24.070
1,1,2025-04-26 19:25:25.114
5,3,2025-04-26 19:25:26.617
8,1,2025-04-26 19:25:27.891
9,4,2025-04-26 19:25:29.383
11,5,2025-04-26 19:25:31.029
6,1,2025-04-26 19:25:31.868
2,2,2025-04-26 19:25:33.252
8,4,2025-04-26 19:25:34.084
15,1,2025-04-26 19:25:35.360
2,4,2025-04-26 19:25:37.140
8,3,2025-04-26 19:25:38.994
6,5,2025-04-26 19:25:39.787
10,2,2025-04-26 19:25:40.738
7,5,2025-04-26 19:25:41.656
4,3,2025-04-26 19:25:42.797
4,2,2025-04-26 19:25:43.679
18,1,2025-04-26 19:25:45.185
6,2,2025-04-26 19:25:46.091
18,1,2025-04-26 19:25:47.681
11,4,2025-04-26 19:25:49.464
15,4,2025-04-26 19:25:51.391
13,1,2025-04-26 19:25:53.100
4,2,2025-04-26 19:25:53.976
13,3,2025-04-26 19:25:55.772
13,5,2025-04-26 19:25:56.544
2,4,2025-04-26 19:25:57.947
20,4,2025-04-26 19:25:59.859
4,3,2025-04-26 19:26:00.589
19,4,2025-04-26 19:26:01.593
17,1,2025-04-26 19:26:03.546
20,3,2025-04-26 19:26:04.115
14,4,2025-04-26 19:26:04.903
15,2,2025-04-26 19:26:06.243
19,4,2025-04-26 19:26:07.122
9,2,2025-04-26 19:26:08.483
5,5,2025-04-26 19:26:10.148
20,4,2025-04-26 19:26:11.231
1,5,2025-04-26 19:26:12.332
11,3,2025-04-26 19:26:13.200
19,5,2025-04-26 19:26:14.390
17,3,2025-04-26 19:26:15.521
15,2,2025-04-26 19:26:17.260
11,5,2025-04-26 19:26:19.199
13,1,2025-04-26 19:26:19.797
3,4,2025-04-26 19:26:21.662
19,4,2025-04-26 19:26:22.258
4,3,2025-04-26 19:26:23.156
20,5,2025-04-26 19:26:24.721
18,1,2025-04-26 19:26:26.542
11,4,2025-04-26 19:26:27.107
8,5,2025-04-26 19:26:28.534
6,1,2025-04-26 19:26:29.876
12,3,2025-04-26 19:26:31.303
3,3,2025-04-26 19:26:33.043
5,1,2025-04-26 19:26:33.966
8,1,2025-04-26 19:26:35.654
17,2,2025-04-26 19:26:36.241
12,3,2025-04-26 19:26:36.917
13,3,2025-04-26 19:26:38.349
12,5,2025-04-26 19:26:39.396
8,2,2025-04-26 19:26:40.775
14,2,2025-04-26 19:26:41.394
1,4,2025-04-26 19:26:42.786
12,2,2025-04-26 19:26:43.813
3,1,2025-04-26 19:26:45.169
14,4,2025-04-26 19:26:46.677
15,2,2025-04-26 19:26:48.386
16,3,2025-04-26 19:26:48.962
16,1,2025-04-26 19:26:50.101
8,3,2025-04-26 19:26:51.781
12,3,2025-04-26 19:26:52.405
6,1,2025-04-26 19:26:53.453
12,3,2025-04-26 19:26:54.888
15,1,2025-04-26 19:26:55.948
16,3,2025-04-26 19:26:57.912
2,5,2025-04-26 19:26:58.659
8,1,2025-04-26 19:27:00.188
20,1,2025-04-26 19:27:01.477
6,2,2025-04-26 19:27:02.668
11,3,2025-04-26 19:27:03.361
6,1,2025-04-26 19:27:05.318
6,4,2025-04-26 19:27:06.471
3,1,2025-04-26 19:27:07.481
17,4,2025-04-26 19:27:09.191
5,2,2025-04-26 19:27:09.739
8,3,2025-04-26 19:27:11.539
2,2,2025-04-26 19:27:13.377
1,1,2025-04-26 19:27:15.372
8,4,2025-04-26 19:27:16.063
10,1,2025-04-26 19:27:17.994
15,5,2025-04-26 19:27:19.606
17,1,2025-04-26 19:27:20.797
10,5,2025-04-26 19:27:21.746
6,5,2025-04-26 19:27:22.898
17,3,2025-04-26 19:27:23.970
5,1,2025-04-26 19:27:25.703
20,4,2025-04-26 19:27:26.310
1,2,2025-04-26 19:27:27.709
1,5,2025-04-26 19:27:28.942
7,2,2025-04-26 19:27:30.203
10,5,2025-04-26 19:27:31.638
14,3,2025-04-26 19:27:32.542
19,1,2025-04-26 19:27:33.547
14,2,2025-04-26 19:27:34.123
7,5,2025-04-26 19:27:35.811
6,2,2025-04-26 19:27:37.106
2,1,2025-04-26 19:27:38.844
5,5,2025-04-26 19:27:40.133
20,3,2025-04-26 19:27:41.639
13,2,2025-04-26 19:27:42.550
10,3,2025-04-26 19:27:44.175
17,4,2025-04-26 19:27:45.114
8,4,2025-04-26 19:27:46.654
1,5,2025-04-26 19:27:47.839
17,3,2025-04-26 19:27:49.378
15,2,2025-04-26 19:27:51.117
14,1,2025-04-26 19:27:52.002
4,5,2025-04-26 19:27:53.906
5,3,2025-04-26 19:27:55.896
7,3,2025-04-26 19:27:57.264
16,5,2025-04-26 19:27:58.778
19,1,2025-04-26 19:28:00.458
11,1,2025-04-26 19:28:01.572
5,5,2025-04-26 19:28:03.106
1,1,2025-04-26 19:28:04.956
4,5,2025-04-26 19:28:06.719
3,1,2025-04-26 19:28:07.325
5,5,2025-04-26 19:28:08.922
11,1,2025-04-26 19:28:09.761
20,2,2025-04-26 19:28:11.252
17,3,2025-04-26 19:28:13.124
7,1,2025-04-26 19:28:13.719
17,2,2025-04-26 19:28:14.283
16,4,2025-04-26 19:28:15.898
10,3,2025-04-26 19:28:17.473
7,3,2025-04-26 19:28:18.611
8,5,2025-04-26 19:28:19.933
12,2,2025-04-26 19:28:21.912
6,4,2025-04-26 19:28:23.006
9,3,2025-04-26 19:28:24.345
