1654,346,923,2025-04-01 00:00:00.000,
1114,780,611,2025-04-01 00:01:00.000,
1025,901,3,2025-04-01 00:02:00.000,
1759,389,284,2025-04-01 00:03:00.000,
1281,285,880,2025-04-01 00:04:00.000,
1250,771,149,2025-04-01 00:05:00.000,
1228,975,134,2025-04-01 00:06:00.000,
1142,852,554,2025-04-01 00:07:00.000,
1754,432,257,2025-04-01 00:08:00.000,
1104,259,818,2025-04-01 00:09:00.000,
1692,855,179,2025-04-01 00:10:00.000,
1758,84,113,2025-04-01 00:11:00.000,
1913,482,677,2025-04-01 00:12:00.000,
1558,20,888,2025-04-01 00:13:00.000,
1089,768,27,2025-04-01 00:14:00.000,
1604,553,135,2025-04-01 00:15:00.000,
1432,54,16,2025-04-01 00:16:00.000,
1032,975,367,2025-04-01 00:17:00.000,
1030,359,809,2025-04-01 00:18:00.000,
1095,230,808,2025-04-01 00:19:00.000,
1223,666,244,2025-04-01 00:20:00.000,
1238,71,603,2025-04-01 00:21:00.000,
1517,800,332,2025-04-01 00:22:00.000,
1616,981,17,2025-04-01 00:23:00.000,
1027,668,179,2025-04-01 00:24:00.000,
1574,42,272,2025-04-01 00:25:00.000,
1203,773,54,2025-04-01 00:26:00.000,
1733,32,130,2025-04-01 00:27:00.000,
1665,973,760,2025-04-01 00:28:00.000,
1718,254,432,2025-04-01 00:29:00.000,
1558,205,539,2025-04-01 00:30:00.000,
1429,860,117,2025-04-01 00:31:00.000,
1225,21,764,2025-04-01 00:32:00.000,
1459,637,66,2025-04-01 00:33:00.000,
1603,157,488,2025-04-01 00:34:00.000,
1284,245,460,2025-04-01 00:35:00.000,
1828,130,797,2025-04-01 00:36:00.000,
1890,485,371,2025-04-01 00:37:00.000,
1006,686,526,2025-04-01 00:38:00.000,
1777,118,608,2025-04-01 00:39:00.000,
1825,578,112,2025-04-01 00:40:00.000,
1163,971,463,2025-04-01 00:41:00.000,
1714,224,516,2025-04-01 00:42:00.000,
1432,477,227,2025-04-01 00:43:00.000,
1348,717,969,2025-04-01 00:44:00.000,
1284,263,630,2025-04-01 00:45:00.000,
1159,786,45,2025-04-01 00:46:00.000,
1220,378,745,2025-04-01 00:47:00.000,
1980,172,803,2025-04-01 00:48:00.000,
1781,621,931,2025-04-01 00:49:00.000,
1344,622,888,2025-04-01 00:50:00.000,
1104,987,675,2025-04-01 00:51:00.000,
1094,766,534,2025-04-01 00:52:00.000,
1389,736,309,2025-04-01 00:53:00.000,
1099,118,470,2025-04-01 00:54:00.000,
1367,797,659,2025-04-01 00:55:00.000,
1867,839,988,2025-04-01 00:56:00.000,
1352,168,32,2025-04-01 00:57:00.000,
1618,988,63,2025-04-01 00:58:00.000,
1270,319,491,2025-04-01 00:59:00.000,
1826,111,868,2025-04-01 01:00:00.000,
1044,593,412,2025-04-01 01:01:00.000,
1747,27,437,2025-04-01 01:02:00.000,
1470,952,703,2025-04-01 01:03:00.000,
1549,320,111,2025-04-01 01:04:00.000,
1127,590,503,2025-04-01 01:05:00.000,
1996,694,730,2025-04-01 01:06:00.000,
1944,930,932,2025-04-01 01:07:00.000,
1387,982,455,2025-04-01 01:08:00.000,
1080,385,76,2025-04-01 01:09:00.000,
1565,407,921,2025-04-01 01:10:00.000,
1300,965,83,2025-04-01 01:11:00.000,
1849,733,330,2025-04-01 01:12:00.000,
1643,204,623,2025-04-01 01:13:00.000,
1633,78,152,2025-04-01 01:14:00.000,
1906,607,68,2025-04-01 01:15:00.000,
1882,708,130,2025-04-01 01:16:00.000,
1370,851,282,2025-04-01 01:17:00.000,
1591,643,640,2025-04-01 01:18:00.000,
1196,249,649,2025-04-01 01:19:00.000,
1721,105,600,2025-04-01 01:20:00.000,
1071,714,562,2025-04-01 01:21:00.000,
1046,792,730,2025-04-01 01:22:00.000,
1677,309,333,2025-04-01 01:23:00.000,
1233,871,391,2025-04-01 01:24:00.000,
1791,701,612,2025-04-01 01:25:00.000,
1296,615,544,2025-04-01 01:26:00.000,
1081,825,302,2025-04-01 01:27:00.000,
1875,124,465,2025-04-01 01:28:00.000,
1238,816,518,2025-04-01 01:29:00.000,
1887,580,620,2025-04-01 01:30:00.000,
1103,802,441,2025-04-01 01:31:00.000,
1389,43,102,2025-04-01 01:32:00.000,
1284,356,813,2025-04-01 01:33:00.000,
1464,546,719,2025-04-01 01:34:00.000,
1650,439,118,2025-04-01 01:35:00.000,
1854,678,874,2025-04-01 01:36:00.000,
1373,380,671,2025-04-01 01:37:00.000,
1166,71,667,2025-04-01 01:38:00.000,
1379,519,899,2025-04-01 01:39:00.000,
1363,664,788,2025-04-01 01:40:00.000,
1214,350,565,2025-04-01 01:41:00.000,
1686,13,739,2025-04-01 01:42:00.000,
1273,870,887,2025-04-01 01:43:00.000,
1718,431,221,2025-04-01 01:44:00.000,
1959,843,441,2025-04-01 01:45:00.000,
1699,502,463,2025-04-01 01:46:00.000,
1663,109,910,2025-04-01 01:47:00.000,
1073,444,234,2025-04-01 01:48:00.000,
1623,984,424,2025-04-01 01:49:00.000,
1650,371,348,2025-04-01 01:50:00.000,
1175,651,848,2025-04-01 01:51:00.000,
1546,913,465,2025-04-01 01:52:00.000,
1746,849,409,2025-04-01 01:53:00.000,
1250,471,426,2025-04-01 01:54:00.000,
1167,725,748,2025-04-01 01:55:00.000,
1473,157,98,2025-04-01 01:56:00.000,
1388,446,321,2025-04-01 01:57:00.000,
1276,181,438,2025-04-01 01:58:00.000,
1947,752,321,2025-04-01 01:59:00.000,
1655,535,682,2025-04-01 02:00:00.000,
1704,989,262,2025-04-01 02:01:00.000,
1570,667,384,2025-04-01 02:02:00.000,
1224,277,977,2025-04-01 02:03:00.000,
1701,631,157,2025-04-01 02:04:00.000,
1332,828,704,2025-04-01 02:05:00.000,
1863,942,946,2025-04-01 02:06:00.000,
1786,552,486,2025-04-01 02:07:00.000,
1794,794,69,2025-04-01 02:08:00.000,
1057,496,94,2025-04-01 02:09:00.000,
1234,477,852,2025-04-01 02:10:00.000,
1841,447,88,2025-04-01 02:11:00.000,
1032,846,96,2025-04-01 02:12:00.000,
1824,749,443,2025-04-01 02:13:00.000,
1323,607,99,2025-04-01 02:14:00.000,
1410,275,763,2025-04-01 02:15:00.000,
1274,331,757,2025-04-01 02:16:00.000,
1067,873,382,2025-04-01 02:17:00.000,
1216,252,832,2025-04-01 02:18:00.000,
1935,851,134,2025-04-01 02:19:00.000,
1965,958,570,2025-04-01 02:20:00.000,
1580,89,62,2025-04-01 02:21:00.000,
1897,286,601,2025-04-01 02:22:00.000,
1735,903,980,2025-04-01 02:23:00.000,
1322,462,576,2025-04-01 02:24:00.000,
1217,250,576,2025-04-01 02:25:00.000,
1671,769,338,2025-04-01 02:26:00.000,
1511,476,687,2025-04-01 02:27:00.000,
1405,584,126,2025-04-01 02:28:00.000,
1905,625,421,2025-04-01 02:29:00.000,
1936,685,363,2025-04-01 02:30:00.000,
1658,389,895,2025-04-01 02:31:00.000,
1469,345,682,2025-04-01 02:32:00.000,
1146,30,964,2025-04-01 02:33:00.000,
1271,507,769,2025-04-01 02:34:00.000,
1142,872,434,2025-04-01 02:35:00.000,
1252,333,889,2025-04-01 02:36:00.000,
1762,187,938,2025-04-01 02:37:00.000,
1574,500,739,2025-04-01 02:38:00.000,
1551,218,53,2025-04-01 02:39:00.000,
1269,364,992,2025-04-01 02:40:00.000,
1764,817,295,2025-04-01 02:41:00.000,
1598,265,615,2025-04-01 02:42:00.000,
1438,349,320,2025-04-01 02:43:00.000,
1919,287,361,2025-04-01 02:44:00.000,
1597,902,107,2025-04-01 02:45:00.000,
1408,611,592,2025-04-01 02:46:00.000,
1370,719,520,2025-04-01 02:47:00.000,
1224,902,218,2025-04-01 02:48:00.000,
1141,283,159,2025-04-01 02:49:00.000,
1521,570,673,2025-04-01 02:50:00.000,
1505,11,494,2025-04-01 02:51:00.000,
1093,530,230,2025-04-01 02:52:00.000,
1773,971,868,2025-04-01 02:53:00.000,
1048,196,111,2025-04-01 02:54:00.000,
1881,88,359,2025-04-01 02:55:00.000,
1112,248,866,2025-04-01 02:56:00.000,
1156,738,570,2025-04-01 02:57:00.000,
1642,417,377,2025-04-01 02:58:00.000,
1163,501,118,2025-04-01 02:59:00.000,
1811,569,781,2025-04-01 03:00:00.000,
1696,777,286,2025-04-01 03:01:00.000,
1432,247,588,2025-04-01 03:02:00.000,
1610,708,232,2025-04-01 03:03:00.000,
1065,488,827,2025-04-01 03:04:00.000,
1394,662,440,2025-04-01 03:05:00.000,
1390,729,866,2025-04-01 03:06:00.000,
1610,503,575,2025-04-01 03:07:00.000,
1479,459,998,2025-04-01 03:08:00.000,
1541,812,786,2025-04-01 03:09:00.000,
1257,18,839,2025-04-01 03:10:00.000,
1994,96,637,2025-04-01 03:11:00.000,
1566,302,629,2025-04-01 03:12:00.000,
1881,227,692,2025-04-01 03:13:00.000,
1965,415,659,2025-04-01 03:14:00.000,
1011,709,571,2025-04-01 03:15:00.000,
1696,250,27,2025-04-01 03:16:00.000,
1738,314,624,2025-04-01 03:17:00.000,
1117,680,952,2025-04-01 03:18:00.000,
1698,596,674,2025-04-01 03:19:00.000,
1906,378,850,2025-04-01 03:20:00.000,
1549,485,711,2025-04-01 03:21:00.000,
1768,567,274,2025-04-01 03:22:00.000,
1273,544,30,2025-04-01 03:23:00.000,
1787,353,185,2025-04-01 03:24:00.000,
1656,436,280,2025-04-01 03:25:00.000,
1348,764,720,2025-04-01 03:26:00.000,
1114,564,781,2025-04-01 03:27:00.000,
1300,339,317,2025-04-01 03:28:00.000,
1445,361,944,2025-04-01 03:29:00.000,
1161,720,348,2025-04-01 03:30:00.000,
1464,465,360,2025-04-01 03:31:00.000,
1003,278,7,2025-04-01 03:32:00.000,
1976,314,186,2025-04-01 03:33:00.000,
1739,258,891,2025-04-01 03:34:00.000,
1896,237,147,2025-04-01 03:35:00.000,
1736,124,580,2025-04-01 03:36:00.000,
1269,739,674,2025-04-01 03:37:00.000,
1995,198,411,2025-04-01 03:38:00.000,
1512,324,72,2025-04-01 03:39:00.000,
1780,123,146,2025-04-01 03:40:00.000,
1182,761,759,2025-04-01 03:41:00.000,
1519,549,649,2025-04-01 03:42:00.000,
1934,974,996,2025-04-01 03:43:00.000,
1108,781,32,2025-04-01 03:44:00.000,
1891,707,94,2025-04-01 03:45:00.000,
1640,190,765,2025-04-01 03:46:00.000,
1305,197,544,2025-04-01 03:47:00.000,
1861,222,221,2025-04-01 03:48:00.000,
1654,757,386,2025-04-01 03:49:00.000,
1519,496,430,2025-04-01 03:50:00.000,
1623,284,465,2025-04-01 03:51:00.000,
1203,742,350,2025-04-01 03:52:00.000,
1156,604,162,2025-04-01 03:53:00.000,
1382,779,379,2025-04-01 03:54:00.000,
1780,538,320,2025-04-01 03:55:00.000,
1165,612,739,2025-04-01 03:56:00.000,
1552,290,333,2025-04-01 03:57:00.000,
1976,103,796,2025-04-01 03:58:00.000,
1797,853,965,2025-04-01 03:59:00.000,
1944,199,582,2025-04-01 04:00:00.000,
1543,304,611,2025-04-01 04:01:00.000,
1940,233,87,2025-04-01 04:02:00.000,
1000,370,905,2025-04-01 04:03:00.000,
1613,184,54,2025-04-01 04:04:00.000,
1331,310,160,2025-04-01 04:05:00.000,
1500,15,162,2025-04-01 04:06:00.000,
1019,726,773,2025-04-01 04:07:00.000,
1114,547,633,2025-04-01 04:08:00.000,
1951,130,51,2025-04-01 04:09:00.000,
1371,281,691,2025-04-01 04:10:00.000,
1899,47,84,2025-04-01 04:11:00.000,
1851,998,279,2025-04-01 04:12:00.000,
1826,56,454,2025-04-01 04:13:00.000,
1314,567,678,2025-04-01 04:14:00.000,
1245,300,435,2025-04-01 04:15:00.000,
1059,715,498,2025-04-01 04:16:00.000,
1246,967,622,2025-04-01 04:17:00.000,
1899,130,453,2025-04-01 04:18:00.000,
1580,654,425,2025-04-01 04:19:00.000,
1969,890,280,2025-04-01 04:20:00.000,
1080,771,221,2025-04-01 04:21:00.000,
1087,503,774,2025-04-01 04:22:00.000,
1749,106,525,2025-04-01 04:23:00.000,
1497,894,117,2025-04-01 04:24:00.000,
1835,13,354,2025-04-01 04:25:00.000,
1070,588,441,2025-04-01 04:26:00.000,
1778,292,114,2025-04-01 04:27:00.000,
1545,481,291,2025-04-01 04:28:00.000,
1784,491,695,2025-04-01 04:29:00.000,
1128,452,695,2025-04-01 04:30:00.000,
1131,349,608,2025-04-01 04:31:00.000,
1675,189,499,2025-04-01 04:32:00.000,
1486,989,540,2025-04-01 04:33:00.000,
1969,53,684,2025-04-01 04:34:00.000,
1562,259,316,2025-04-01 04:35:00.000,
1169,964,47,2025-04-01 04:36:00.000,
1271,883,226,2025-04-01 04:37:00.000,
1540,490,405,2025-04-01 04:38:00.000,
1893,117,614,2025-04-01 04:39:00.000,
1621,842,57,2025-04-01 04:40:00.000,
1433,67,8,2025-04-01 04:41:00.000,
1987,411,210,2025-04-01 04:42:00.000,
1216,504,309,2025-04-01 04:43:00.000,
1951,76,969,2025-04-01 04:44:00.000,
1552,591,217,2025-04-01 04:45:00.000,
1773,645,786,2025-04-01 04:46:00.000,
1747,703,141,2025-04-01 04:47:00.000,
1706,55,783,2025-04-01 04:48:00.000,
1205,156,262,2025-04-01 04:49:00.000,
1730,153,297,2025-04-01 04:50:00.000,
1319,831,336,2025-04-01 04:51:00.000,
1408,577,123,2025-04-01 04:52:00.000,
1687,972,8,2025-04-01 04:53:00.000,
1665,312,510,2025-04-01 04:54:00.000,
1382,88,765,2025-04-01 04:55:00.000,
1448,255,441,2025-04-01 04:56:00.000,
1921,122,180,2025-04-01 04:57:00.000,
1529,572,133,2025-04-01 04:58:00.000,
1462,783,390,2025-04-01 04:59:00.000,
1123,427,546,2025-04-01 05:00:00.000,
1253,621,721,2025-04-01 05:01:00.000,
1230,611,236,2025-04-01 05:02:00.000,
1065,810,513,2025-04-01 05:03:00.000,
1346,634,573,2025-04-01 05:04:00.000,
1021,232,854,2025-04-01 05:05:00.000,
1602,795,685,2025-04-01 05:06:00.000,
1567,536,826,2025-04-01 05:07:00.000,
1235,390,363,2025-04-01 05:08:00.000,
1602,462,74,2025-04-01 05:09:00.000,
1225,931,407,2025-04-01 05:10:00.000,
1007,454,883,2025-04-01 05:11:00.000,
1072,305,760,2025-04-01 05:12:00.000,
1724,881,44,2025-04-01 05:13:00.000,
1646,603,447,2025-04-01 05:14:00.000,
1060,440,20,2025-04-01 05:15:00.000,
1234,313,471,2025-04-01 05:16:00.000,
1069,583,944,2025-04-01 05:17:00.000,
1927,636,80,2025-04-01 05:18:00.000,
1032,62,883,2025-04-01 05:19:00.000,
1880,625,321,2025-04-01 05:20:00.000,
1338,984,590,2025-04-01 05:21:00.000,
1072,758,440,2025-04-01 05:22:00.000,
1526,102,588,2025-04-01 05:23:00.000,
1243,971,415,2025-04-01 05:24:00.000,
1285,782,727,2025-04-01 05:25:00.000,
1685,213,656,2025-04-01 05:26:00.000,
1497,641,428,2025-04-01 05:27:00.000,
1219,217,297,2025-04-01 05:28:00.000,
1552,271,118,2025-04-01 05:29:00.000,
1135,677,415,2025-04-01 05:30:00.000,
1740,84,22,2025-04-01 05:31:00.000,
1957,161,990,2025-04-01 05:32:00.000,
1903,246,333,2025-04-01 05:33:00.000,
1584,178,176,2025-04-01 05:34:00.000,
1590,566,821,2025-04-01 05:35:00.000,
1484,77,971,2025-04-01 05:36:00.000,
1248,161,633,2025-04-01 05:37:00.000,
1803,3,472,2025-04-01 05:38:00.000,
1484,419,852,2025-04-01 05:39:00.000,
1826,462,707,2025-04-01 05:40:00.000,
1416,706,942,2025-04-01 05:41:00.000,
1194,609,371,2025-04-01 05:42:00.000,
1096,482,91,2025-04-01 05:43:00.000,
1099,299,448,2025-04-01 05:44:00.000,
1674,34,865,2025-04-01 05:45:00.000,
1441,238,109,2025-04-01 05:46:00.000,
1362,296,250,2025-04-01 05:47:00.000,
1433,724,447,2025-04-01 05:48:00.000,
1420,290,604,2025-04-01 05:49:00.000,
1478,720,411,2025-04-01 05:50:00.000,
1884,881,537,2025-04-01 05:51:00.000,
1746,465,81,2025-04-01 05:52:00.000,
1055,73,406,2025-04-01 05:53:00.000,
1689,704,892,2025-04-01 05:54:00.000,
1669,240,318,2025-04-01 05:55:00.000,
1661,947,764,2025-04-01 05:56:00.000,
1100,271,348,2025-04-01 05:57:00.000,
1062,807,227,2025-04-01 05:58:00.000,
1412,811,342,2025-04-01 05:59:00.000,
1745,641,798,2025-04-01 06:00:00.000,
1347,604,173,2025-04-01 06:01:00.000,
1819,678,79,2025-04-01 06:02:00.000,
1882,824,523,2025-04-01 06:03:00.000,
1111,957,649,2025-04-01 06:04:00.000,
1254,203,117,2025-04-01 06:05:00.000,
1196,436,544,2025-04-01 06:06:00.000,
1194,118,523,2025-04-01 06:07:00.000,
1549,558,199,2025-04-01 06:08:00.000,
1459,231,928,2025-04-01 06:09:00.000,
1143,664,795,2025-04-01 06:10:00.000,
1432,153,358,2025-04-01 06:11:00.000,
1187,931,360,2025-04-01 06:12:00.000,
1285,273,745,2025-04-01 06:13:00.000,
1473,847,982,2025-04-01 06:14:00.000,
1255,146,839,2025-04-01 06:15:00.000,
1895,74,661,2025-04-01 06:16:00.000,
1945,62,835,2025-04-01 06:17:00.000,
1077,170,152,2025-04-01 06:18:00.000,
1453,812,242,2025-04-01 06:19:00.000,
1827,315,106,2025-04-01 06:20:00.000,
1882,610,150,2025-04-01 06:21:00.000,
1876,767,263,2025-04-01 06:22:00.000,
1563,845,203,2025-04-01 06:23:00.000,
1100,583,178,2025-04-01 06:24:00.000,
1051,944,617,2025-04-01 06:25:00.000,
1667,296,157,2025-04-01 06:26:00.000,
1553,450,779,2025-04-01 06:27:00.000,
1856,128,778,2025-04-01 06:28:00.000,
1015,480,672,2025-04-01 06:29:00.000,
1992,706,78,2025-04-01 06:30:00.000,
1095,312,182,2025-04-01 06:31:00.000,
1948,717,975,2025-04-01 06:32:00.000,
1771,413,792,2025-04-01 06:33:00.000,
1869,966,644,2025-04-01 06:34:00.000,
1242,279,506,2025-04-01 06:35:00.000,
1170,513,476,2025-04-01 06:36:00.000,
1416,553,773,2025-04-01 06:37:00.000,
1497,506,578,2025-04-01 06:38:00.000,
1492,449,779,2025-04-01 06:39:00.000,
1218,83,594,2025-04-01 06:40:00.000,
1885,613,460,2025-04-01 06:41:00.000,
1410,41,698,2025-04-01 06:42:00.000,
1924,911,947,2025-04-01 06:43:00.000,
1060,443,904,2025-04-01 06:44:00.000,
1168,753,579,2025-04-01 06:45:00.000,
1388,331,659,2025-04-01 06:46:00.000,
1002,619,651,2025-04-01 06:47:00.000,
1399,257,640,2025-04-01 06:48:00.000,
1271,27,331,2025-04-01 06:49:00.000,
1948,94,885,2025-04-01 06:50:00.000,
1802,235,995,2025-04-01 06:51:00.000,
1803,985,643,2025-04-01 06:52:00.000,
1465,691,324,2025-04-01 06:53:00.000,
1292,857,155,2025-04-01 06:54:00.000,
1433,882,451,2025-04-01 06:55:00.000,
1713,590,70,2025-04-01 06:56:00.000,
1980,602,481,2025-04-01 06:57:00.000,
1748,974,453,2025-04-01 06:58:00.000,
1802,22,647,2025-04-01 06:59:00.000,
1569,784,311,2025-04-01 07:00:00.000,
1677,689,816,2025-04-01 07:01:00.000,
1735,842,282,2025-04-01 07:02:00.000,
1498,276,606,2025-04-01 07:03:00.000,
1158,591,58,2025-04-01 07:04:00.000,
1194,42,361,2025-04-01 07:05:00.000,
1303,782,520,2025-04-01 07:06:00.000,
1222,775,76,2025-04-01 07:07:00.000,
1991,180,318,2025-04-01 07:08:00.000,
1059,482,473,2025-04-01 07:09:00.000,
1593,532,463,2025-04-01 07:10:00.000,
1753,668,39,2025-04-01 07:11:00.000,
1555,453,59,2025-04-01 07:12:00.000,
1062,939,378,2025-04-01 07:13:00.000,
1765,285,852,2025-04-01 07:14:00.000,
1321,186,294,2025-04-01 07:15:00.000,
1058,600,79,2025-04-01 07:16:00.000,
1051,447,661,2025-04-01 07:17:00.000,
1598,651,885,2025-04-01 07:18:00.000,
1488,834,876,2025-04-01 07:19:00.000,
1514,504,93,2025-04-01 07:20:00.000,
1941,993,630,2025-04-01 07:21:00.000,
1873,94,609,2025-04-01 07:22:00.000,
1543,482,520,2025-04-01 07:23:00.000,
1161,357,394,2025-04-01 07:24:00.000,
1058,419,474,2025-04-01 07:25:00.000,
1983,342,595,2025-04-01 07:26:00.000,
1520,329,568,2025-04-01 07:27:00.000,
1082,687,978,2025-04-01 07:28:00.000,
1871,108,811,2025-04-01 07:29:00.000,
1190,879,757,2025-04-01 07:30:00.000,
1070,165,918,2025-04-01 07:31:00.000,
1609,338,43,2025-04-01 07:32:00.000,
1069,422,461,2025-04-01 07:33:00.000,
1691,711,931,2025-04-01 07:34:00.000,
1882,508,830,2025-04-01 07:35:00.000,
1240,296,586,2025-04-01 07:36:00.000,
1413,679,668,2025-04-01 07:37:00.000,
1122,968,193,2025-04-01 07:38:00.000,
1964,411,330,2025-04-01 07:39:00.000,
1911,834,620,2025-04-01 07:40:00.000,
1583,779,488,2025-04-01 07:41:00.000,
1252,564,514,2025-04-01 07:42:00.000,
1592,38,155,2025-04-01 07:43:00.000,
1608,466,981,2025-04-01 07:44:00.000,
1040,91,64,2025-04-01 07:45:00.000,
1634,323,462,2025-04-01 07:46:00.000,
1083,259,106,2025-04-01 07:47:00.000,
1429,332,831,2025-04-01 07:48:00.000,
1673,119,921,2025-04-01 07:49:00.000,
1597,994,858,2025-04-01 07:50:00.000,
1578,792,352,2025-04-01 07:51:00.000,
1535,414,732,2025-04-01 07:52:00.000,
1323,886,87,2025-04-01 07:53:00.000,
1957,527,517,2025-04-01 07:54:00.000,
1267,845,662,2025-04-01 07:55:00.000,
1209,2,177,2025-04-01 07:56:00.000,
1685,674,41,2025-04-01 07:57:00.000,
1733,891,254,2025-04-01 07:58:00.000,
1321,556,725,2025-04-01 07:59:00.000,
1244,474,449,2025-04-01 08:00:00.000,
1271,424,450,2025-04-01 08:01:00.000,
1405,56,537,2025-04-01 08:02:00.000,
1134,193,536,2025-04-01 08:03:00.000,
1687,531,625,2025-04-01 08:04:00.000,
1660,371,163,2025-04-01 08:05:00.000,
1307,638,373,2025-04-01 08:06:00.000,
1468,775,382,2025-04-01 08:07:00.000,
1323,511,940,2025-04-01 08:08:00.000,
1951,641,290,2025-04-01 08:09:00.000,
1769,453,397,2025-04-01 08:10:00.000,
1958,779,419,2025-04-01 08:11:00.000,
1074,53,794,2025-04-01 08:12:00.000,
1009,209,347,2025-04-01 08:13:00.000,
1469,274,696,2025-04-01 08:14:00.000,
1636,563,613,2025-04-01 08:15:00.000,
1576,135,54,2025-04-01 08:16:00.000,
1102,950,809,2025-04-01 08:17:00.000,
1075,295,647,2025-04-01 08:18:00.000,
1550,449,663,2025-04-01 08:19:00.000,
1218,902,343,2025-04-01 08:20:00.000,
1518,716,68,2025-04-01 08:21:00.000,
1271,497,338,2025-04-01 08:22:00.000,
1135,125,97,2025-04-01 08:23:00.000,
1955,30,572,2025-04-01 08:24:00.000,
1357,997,695,2025-04-01 08:25:00.000,
1902,646,396,2025-04-01 08:26:00.000,
1070,624,291,2025-04-01 08:27:00.000,
1900,819,259,2025-04-01 08:28:00.000,
1250,246,742,2025-04-01 08:29:00.000,
1378,727,873,2025-04-01 08:30:00.000,
1291,163,673,2025-04-01 08:31:00.000,
1161,319,988,2025-04-01 08:32:00.000,
1448,565,929,2025-04-01 08:33:00.000,
1853,15,618,2025-04-01 08:34:00.000,
1556,566,895,2025-04-01 08:35:00.000,
1720,418,154,2025-04-01 08:36:00.000,
1309,96,342,2025-04-01 08:37:00.000,
1626,231,84,2025-04-01 08:38:00.000,
1826,862,597,2025-04-01 08:39:00.000,
1669,935,680,2025-04-01 08:40:00.000,
1541,117,145,2025-04-01 08:41:00.000,
1008,473,939,2025-04-01 08:42:00.000,
1683,970,359,2025-04-01 08:43:00.000,
1836,121,318,2025-04-01 08:44:00.000,
1567,664,991,2025-04-01 08:45:00.000,
1306,853,672,2025-04-01 08:46:00.000,
1954,158,716,2025-04-01 08:47:00.000,
1679,511,679,2025-04-01 08:48:00.000,
1106,956,402,2025-04-01 08:49:00.000,
1961,734,133,2025-04-01 08:50:00.000,
1899,299,610,2025-04-01 08:51:00.000,
1137,522,726,2025-04-01 08:52:00.000,
1270,723,961,2025-04-01 08:53:00.000,
1118,280,87,2025-04-01 08:54:00.000,
1911,426,318,2025-04-01 08:55:00.000,
1109,855,573,2025-04-01 08:56:00.000,
1760,495,386,2025-04-01 08:57:00.000,
1566,484,659,2025-04-01 08:58:00.000,
1159,250,811,2025-04-01 08:59:00.000,
1278,468,337,2025-04-01 09:00:00.000,
1288,565,833,2025-04-01 09:01:00.000,
1619,149,131,2025-04-01 09:02:00.000,
1215,393,687,2025-04-01 09:03:00.000,
1734,196,720,2025-04-01 09:04:00.000,
1351,944,849,2025-04-01 09:05:00.000,
1208,614,970,2025-04-01 09:06:00.000,
1703,521,757,2025-04-01 09:07:00.000,
1649,765,702,2025-04-01 09:08:00.000,
1873,901,935,2025-04-01 09:09:00.000,
1270,140,540,2025-04-01 09:10:00.000,
1517,885,96,2025-04-01 09:11:00.000,
1500,72,662,2025-04-01 09:12:00.000,
1257,283,687,2025-04-01 09:13:00.000,
1927,792,434,2025-04-01 09:14:00.000,
1929,809,521,2025-04-01 09:15:00.000,
1866,875,371,2025-04-01 09:16:00.000,
1052,425,19,2025-04-01 09:17:00.000,
1094,349,372,2025-04-01 09:18:00.000,
1649,957,317,2025-04-01 09:19:00.000,
1433,807,185,2025-04-01 09:20:00.000,
1849,520,974,2025-04-01 09:21:00.000,
1283,274,220,2025-04-01 09:22:00.000,
1045,841,350,2025-04-01 09:23:00.000,
1003,3,971,2025-04-01 09:24:00.000,
1341,290,785,2025-04-01 09:25:00.000,
1789,744,498,2025-04-01 09:26:00.000,
1133,306,197,2025-04-01 09:27:00.000,
1652,858,232,2025-04-01 09:28:00.000,
1268,602,141,2025-04-01 09:29:00.000,
1165,594,159,2025-04-01 09:30:00.000,
1759,676,80,2025-04-01 09:31:00.000,
1452,502,303,2025-04-01 09:32:00.000,
1564,887,865,2025-04-01 09:33:00.000,
1722,153,808,2025-04-01 09:34:00.000,
1437,458,104,2025-04-01 09:35:00.000,
1574,552,520,2025-04-01 09:36:00.000,
1009,496,790,2025-04-01 09:37:00.000,
1114,354,553,2025-04-01 09:38:00.000,
1077,341,856,2025-04-01 09:39:00.000,
1967,566,757,2025-04-01 09:40:00.000,
1904,782,905,2025-04-01 09:41:00.000,
1707,557,540,2025-04-01 09:42:00.000,
1925,387,39,2025-04-01 09:43:00.000,
1152,467,678,2025-04-01 09:44:00.000,
1558,956,345,2025-04-01 09:45:00.000,
1036,330,898,2025-04-01 09:46:00.000,
1854,891,785,2025-04-01 09:47:00.000,
1378,194,633,2025-04-01 09:48:00.000,
1596,715,135,2025-04-01 09:49:00.000,
1565,245,612,2025-04-01 09:50:00.000,
1151,586,386,2025-04-01 09:51:00.000,
1440,393,158,2025-04-01 09:52:00.000,
1130,240,167,2025-04-01 09:53:00.000,
1042,877,186,2025-04-01 09:54:00.000,
1315,795,852,2025-04-01 09:55:00.000,
1373,421,710,2025-04-01 09:56:00.000,
1920,45,790,2025-04-01 09:57:00.000,
1955,326,640,2025-04-01 09:58:00.000,
1815,763,829,2025-04-01 09:59:00.000,
1995,485,925,2025-04-01 10:00:00.000,
1881,723,170,2025-04-01 10:01:00.000,
1040,936,739,2025-04-01 10:02:00.000,
1920,831,449,2025-04-01 10:03:00.000,
1366,391,45,2025-04-01 10:04:00.000,
1215,396,421,2025-04-01 10:05:00.000,
1698,680,374,2025-04-01 10:06:00.000,
1255,812,693,2025-04-01 10:07:00.000,
1682,841,737,2025-04-01 10:08:00.000,
1105,668,244,2025-04-01 10:09:00.000,
1362,156,993,2025-04-01 10:10:00.000,
1798,508,455,2025-04-01 10:11:00.000,
1573,988,626,2025-04-01 10:12:00.000,
1905,38,292,2025-04-01 10:13:00.000,
1895,130,771,2025-04-01 10:14:00.000,
1416,515,767,2025-04-01 10:15:00.000,
1997,989,803,2025-04-01 10:16:00.000,
1635,605,460,2025-04-01 10:17:00.000,
1767,340,240,2025-04-01 10:18:00.000,
1158,891,547,2025-04-01 10:19:00.000,
1947,103,245,2025-04-01 10:20:00.000,
1952,896,317,2025-04-01 10:21:00.000,
1242,866,989,2025-04-01 10:22:00.000,
1885,451,829,2025-04-01 10:23:00.000,
1166,103,804,2025-04-01 10:24:00.000,
1999,539,481,2025-04-01 10:25:00.000,
1819,933,926,2025-04-01 10:26:00.000,
1830,468,856,2025-04-01 10:27:00.000,
1181,16,199,2025-04-01 10:28:00.000,
1902,740,377,2025-04-01 10:29:00.000,
1422,148,695,2025-04-01 10:30:00.000,
1025,420,970,2025-04-01 10:31:00.000,
1183,892,585,2025-04-01 10:32:00.000,
1754,671,452,2025-04-01 10:33:00.000,
1946,994,473,2025-04-01 10:34:00.000,
1340,159,788,2025-04-01 10:35:00.000,
1801,77,289,2025-04-01 10:36:00.000,
1953,481,797,2025-04-01 10:37:00.000,
1421,801,392,2025-04-01 10:38:00.000,
1821,993,515,2025-04-01 10:39:00.000,
1685,272,541,2025-04-01 10:40:00.000,
1884,347,429,2025-04-01 10:41:00.000,
1752,639,990,2025-04-01 10:42:00.000,
1830,710,166,2025-04-01 10:43:00.000,
1254,408,837,2025-04-01 10:44:00.000,
1273,666,205,2025-04-01 10:45:00.000,
1163,83,821,2025-04-01 10:46:00.000,
1806,873,620,2025-04-01 10:47:00.000,
1718,337,142,2025-04-01 10:48:00.000,
1110,873,894,2025-04-01 10:49:00.000,
1391,691,257,2025-04-01 10:50:00.000,
1893,880,54,2025-04-01 10:51:00.000,
1039,547,657,2025-04-01 10:52:00.000,
1879,390,493,2025-04-01 10:53:00.000,
1481,978,896,2025-04-01 10:54:00.000,
1227,325,381,2025-04-01 10:55:00.000,
1204,642,568,2025-04-01 10:56:00.000,
1836,736,957,2025-04-01 10:57:00.000,
1940,909,106,2025-04-01 10:58:00.000,
1471,778,729,2025-04-01 10:59:00.000,
1358,500,867,2025-04-01 11:00:00.000,
1312,894,529,2025-04-01 11:01:00.000,
1840,555,872,2025-04-01 11:02:00.000,
1814,37,128,2025-04-01 11:03:00.000,
1892,633,292,2025-04-01 11:04:00.000,
1233,71,86,2025-04-01 11:05:00.000,
1228,241,782,2025-04-01 11:06:00.000,
1024,647,165,2025-04-01 11:07:00.000,
1675,701,280,2025-04-01 11:08:00.000,
1197,944,461,2025-04-01 11:09:00.000,
1408,295,928,2025-04-01 11:10:00.000,
1336,233,526,2025-04-01 11:11:00.000,
1285,765,151,2025-04-01 11:12:00.000,
1885,93,851,2025-04-01 11:13:00.000,
1071,445,448,2025-04-01 11:14:00.000,
1990,101,94,2025-04-01 11:15:00.000,
1791,779,970,2025-04-01 11:16:00.000,
1285,649,933,2025-04-01 11:17:00.000,
1359,721,228,2025-04-01 11:18:00.000,
1656,894,837,2025-04-01 11:19:00.000,
1521,103,462,2025-04-01 11:20:00.000,
1409,455,906,2025-04-01 11:21:00.000,
1695,171,358,2025-04-01 11:22:00.000,
1863,711,953,2025-04-01 11:23:00.000,
1549,307,28,2025-04-01 11:24:00.000,
1339,926,425,2025-04-01 11:25:00.000,
1961,30,55,2025-04-01 11:26:00.000,
1028,48,406,2025-04-01 11:27:00.000,
1118,333,515,2025-04-01 11:28:00.000,
1898,816,383,2025-04-01 11:29:00.000,
1993,58,242,2025-04-01 11:30:00.000,
1267,301,396,2025-04-01 11:31:00.000,
1182,368,84,2025-04-01 11:32:00.000,
1594,384,384,2025-04-01 11:33:00.000,
1985,442,230,2025-04-01 11:34:00.000,
1271,150,29,2025-04-01 11:35:00.000,
1039,251,327,2025-04-01 11:36:00.000,
1111,544,954,2025-04-01 11:37:00.000,
1610,422,102,2025-04-01 11:38:00.000,
1444,580,860,2025-04-01 11:39:00.000,
1353,699,732,2025-04-01 11:40:00.000,
1746,812,666,2025-04-01 11:41:00.000,
1805,185,344,2025-04-01 11:42:00.000,
1321,175,811,2025-04-01 11:43:00.000,
1446,180,150,2025-04-01 11:44:00.000,
1620,81,141,2025-04-01 11:45:00.000,
1523,625,40,2025-04-01 11:46:00.000,
1118,892,294,2025-04-01 11:47:00.000,
1394,392,940,2025-04-01 11:48:00.000,
1921,635,850,2025-04-01 11:49:00.000,
1590,700,484,2025-04-01 11:50:00.000,
1194,247,713,2025-04-01 11:51:00.000,
1260,510,852,2025-04-01 11:52:00.000,
1045,935,143,2025-04-01 11:53:00.000,
1725,598,778,2025-04-01 11:54:00.000,
1446,147,723,2025-04-01 11:55:00.000,
1001,238,481,2025-04-01 11:56:00.000,
1532,473,460,2025-04-01 11:57:00.000,
1947,654,631,2025-04-01 11:58:00.000,
1825,261,6,2025-04-01 11:59:00.000,
1551,471,928,2025-04-01 12:00:00.000,
1703,262,82,2025-04-01 12:01:00.000,
1736,683,20,2025-04-01 12:02:00.000,
1962,10,263,2025-04-01 12:03:00.000,
1759,921,221,2025-04-01 12:04:00.000,
1754,824,856,2025-04-01 12:05:00.000,
1686,477,154,2025-04-01 12:06:00.000,
1201,923,562,2025-04-01 12:07:00.000,
1372,295,963,2025-04-01 12:08:00.000,
1441,694,745,2025-04-01 12:09:00.000,
1071,560,624,2025-04-01 12:10:00.000,
1971,162,541,2025-04-01 12:11:00.000,
1680,76,434,2025-04-01 12:12:00.000,
1942,453,114,2025-04-01 12:13:00.000,
1338,968,795,2025-04-01 12:14:00.000,
1638,354,296,2025-04-01 12:15:00.000,
1321,602,244,2025-04-01 12:16:00.000,
1679,307,309,2025-04-01 12:17:00.000,
1868,655,125,2025-04-01 12:18:00.000,
1127,986,49,2025-04-01 12:19:00.000,
1737,435,245,2025-04-01 12:20:00.000,
1921,707,430,2025-04-01 12:21:00.000,
1307,257,655,2025-04-01 12:22:00.000,
1519,468,813,2025-04-01 12:23:00.000,
1316,866,638,2025-04-01 12:24:00.000,
1682,310,469,2025-04-01 12:25:00.000,
1418,204,65,2025-04-01 12:26:00.000,
1334,394,114,2025-04-01 12:27:00.000,
1412,874,857,2025-04-01 12:28:00.000,
1713,495,927,2025-04-01 12:29:00.000,
1302,110,512,2025-04-01 12:30:00.000,
1567,243,612,2025-04-01 12:31:00.000,
1130,391,549,2025-04-01 12:32:00.000,
1196,586,17,2025-04-01 12:33:00.000,
1430,368,648,2025-04-01 12:34:00.000,
1680,589,528,2025-04-01 12:35:00.000,
1962,303,589,2025-04-01 12:36:00.000,
1388,717,248,2025-04-01 12:37:00.000,
1693,303,736,2025-04-01 12:38:00.000,
1766,23,148,2025-04-01 12:39:00.000,
1924,850,299,2025-04-01 12:40:00.000,
1178,675,440,2025-04-01 12:41:00.000,
1630,406,2,2025-04-01 12:42:00.000,
1582,282,630,2025-04-01 12:43:00.000,
1308,9,362,2025-04-01 12:44:00.000,
1415,580,247,2025-04-01 12:45:00.000,
1561,886,585,2025-04-01 12:46:00.000,
1853,703,427,2025-04-01 12:47:00.000,
1000,797,192,2025-04-01 12:48:00.000,
1311,763,681,2025-04-01 12:49:00.000,
1293,997,685,2025-04-01 12:50:00.000,
1215,51,88,2025-04-01 12:51:00.000,
1440,933,537,2025-04-01 12:52:00.000,
1804,621,999,2025-04-01 12:53:00.000,
1593,764,370,2025-04-01 12:54:00.000,
1621,509,70,2025-04-01 12:55:00.000,
1670,853,977,2025-04-01 12:56:00.000,
1329,926,539,2025-04-01 12:57:00.000,
1476,925,558,2025-04-01 12:58:00.000,
1452,294,520,2025-04-01 12:59:00.000,
1452,795,806,2025-04-01 13:00:00.000,
1691,819,520,2025-04-01 13:01:00.000,
1218,236,568,2025-04-01 13:02:00.000,
1523,622,21,2025-04-01 13:03:00.000,
1484,822,400,2025-04-01 13:04:00.000,
1812,361,895,2025-04-01 13:05:00.000,
1922,225,482,2025-04-01 13:06:00.000,
1982,652,45,2025-04-01 13:07:00.000,
1815,195,651,2025-04-01 13:08:00.000,
1753,636,397,2025-04-01 13:09:00.000,
1173,257,383,2025-04-01 13:10:00.000,
1674,695,260,2025-04-01 13:11:00.000,
1086,774,766,2025-04-01 13:12:00.000,
1290,739,17,2025-04-01 13:13:00.000,
1527,786,366,2025-04-01 13:14:00.000,
1679,676,808,2025-04-01 13:15:00.000,
1648,698,70,2025-04-01 13:16:00.000,
1634,859,354,2025-04-01 13:17:00.000,
1343,141,247,2025-04-01 13:18:00.000,
1095,644,751,2025-04-01 13:19:00.000,
1838,100,673,2025-04-01 13:20:00.000,
1974,926,644,2025-04-01 13:21:00.000,
1769,643,107,2025-04-01 13:22:00.000,
1240,662,791,2025-04-01 13:23:00.000,
1688,41,596,2025-04-01 13:24:00.000,
1317,317,753,2025-04-01 13:25:00.000,
1230,808,775,2025-04-01 13:26:00.000,
1825,452,341,2025-04-01 13:27:00.000,
1203,35,137,2025-04-01 13:28:00.000,
1150,594,46,2025-04-01 13:29:00.000,
1025,374,361,2025-04-01 13:30:00.000,
1047,750,560,2025-04-01 13:31:00.000,
1250,135,347,2025-04-01 13:32:00.000,
1486,93,834,2025-04-01 13:33:00.000,
1625,932,659,2025-04-01 13:34:00.000,
1870,303,180,2025-04-01 13:35:00.000,
1786,335,851,2025-04-01 13:36:00.000,
1074,766,798,2025-04-01 13:37:00.000,
1466,426,702,2025-04-01 13:38:00.000,
1424,180,476,2025-04-01 13:39:00.000,
1907,206,713,2025-04-01 13:40:00.000,
1644,136,491,2025-04-01 13:41:00.000,
1589,806,647,2025-04-01 13:42:00.000,
1199,553,187,2025-04-01 13:43:00.000,
1735,898,831,2025-04-01 13:44:00.000,
1713,995,139,2025-04-01 13:45:00.000,
1393,375,65,2025-04-01 13:46:00.000,
1506,544,734,2025-04-01 13:47:00.000,
1409,514,795,2025-04-01 13:48:00.000,
1249,936,967,2025-04-01 13:49:00.000,
1151,280,469,2025-04-01 13:50:00.000,
1671,851,38,2025-04-01 13:51:00.000,
1704,169,301,2025-04-01 13:52:00.000,
1005,264,207,2025-04-01 13:53:00.000,
1914,936,45,2025-04-01 13:54:00.000,
1768,845,811,2025-04-01 13:55:00.000,
1881,967,205,2025-04-01 13:56:00.000,
1788,494,908,2025-04-01 13:57:00.000,
1906,991,43,2025-04-01 13:58:00.000,
1109,826,324,2025-04-01 13:59:00.000,
1797,303,956,2025-04-01 14:00:00.000,
1435,765,318,2025-04-01 14:01:00.000,
1224,892,528,2025-04-01 14:02:00.000,
1180,347,408,2025-04-01 14:03:00.000,
1823,824,835,2025-04-01 14:04:00.000,
1980,118,557,2025-04-01 14:05:00.000,
1712,480,485,2025-04-01 14:06:00.000,
1530,987,260,2025-04-01 14:07:00.000,
1475,78,38,2025-04-01 14:08:00.000,
1051,145,772,2025-04-01 14:09:00.000,
1570,773,663,2025-04-01 14:10:00.000,
1255,990,196,2025-04-01 14:11:00.000,
1939,232,293,2025-04-01 14:12:00.000,
1868,881,366,2025-04-01 14:13:00.000,
1124,693,883,2025-04-01 14:14:00.000,
1467,742,800,2025-04-01 14:15:00.000,
1136,691,49,2025-04-01 14:16:00.000,
1820,407,887,2025-04-01 14:17:00.000,
1475,991,672,2025-04-01 14:18:00.000,
1683,867,340,2025-04-01 14:19:00.000,
1543,824,280,2025-04-01 14:20:00.000,
1572,571,128,2025-04-01 14:21:00.000,
1609,375,819,2025-04-01 14:22:00.000,
1324,93,377,2025-04-01 14:23:00.000,
1972,810,448,2025-04-01 14:24:00.000,
1773,405,911,2025-04-01 14:25:00.000,
1912,15,410,2025-04-01 14:26:00.000,
1453,271,762,2025-04-01 14:27:00.000,
1627,550,451,2025-04-01 14:28:00.000,
1834,127,917,2025-04-01 14:29:00.000,
1736,466,980,2025-04-01 14:30:00.000,
1913,378,396,2025-04-01 14:31:00.000,
1516,689,348,2025-04-01 14:32:00.000,
1436,767,998,2025-04-01 14:33:00.000,
1850,689,192,2025-04-01 14:34:00.000,
1928,269,509,2025-04-01 14:35:00.000,
1561,599,709,2025-04-01 14:36:00.000,
1456,391,510,2025-04-01 14:37:00.000,
1918,843,377,2025-04-01 14:38:00.000,
1162,654,947,2025-04-01 14:39:00.000,
1761,963,817,2025-04-01 14:40:00.000,
1882,381,532,2025-04-01 14:41:00.000,
1486,111,274,2025-04-01 14:42:00.000,
1460,692,821,2025-04-01 14:43:00.000,
1265,240,85,2025-04-01 14:44:00.000,
1769,483,745,2025-04-01 14:45:00.000,
1253,26,435,2025-04-01 14:46:00.000,
1860,635,81,2025-04-01 14:47:00.000,
1652,906,441,2025-04-01 14:48:00.000,
1283,966,617,2025-04-01 14:49:00.000,
1784,575,843,2025-04-01 14:50:00.000,
1796,336,185,2025-04-01 14:51:00.000,
1533,938,559,2025-04-01 14:52:00.000,
1496,625,301,2025-04-01 14:53:00.000,
1641,227,329,2025-04-01 14:54:00.000,
1244,664,106,2025-04-01 14:55:00.000,
1281,65,82,2025-04-01 14:56:00.000,
1450,651,336,2025-04-01 14:57:00.000,
1079,844,677,2025-04-01 14:58:00.000,
1730,476,303,2025-04-01 14:59:00.000,
1292,932,314,2025-04-01 15:00:00.000,
1240,718,457,2025-04-01 15:01:00.000,
1278,310,618,2025-04-01 15:02:00.000,
1343,665,735,2025-04-01 15:03:00.000,
1327,419,437,2025-04-01 15:04:00.000,
1914,120,171,2025-04-01 15:05:00.000,
1553,144,707,2025-04-01 15:06:00.000,
1082,47,455,2025-04-01 15:07:00.000,
1141,969,360,2025-04-01 15:08:00.000,
1154,39,458,2025-04-01 15:09:00.000,
1236,312,44,2025-04-01 15:10:00.000,
1392,505,745,2025-04-01 15:11:00.000,
1710,119,891,2025-04-01 15:12:00.000,
1156,100,934,2025-04-01 15:13:00.000,
1723,241,362,2025-04-01 15:14:00.000,
1219,909,630,2025-04-01 15:15:00.000,
1065,551,446,2025-04-01 15:16:00.000,
1424,139,282,2025-04-01 15:17:00.000,
1417,398,655,2025-04-01 15:18:00.000,
1338,465,811,2025-04-01 15:19:00.000,
1555,380,971,2025-04-01 15:20:00.000,
1477,687,59,2025-04-01 15:21:00.000,
1425,973,77,2025-04-01 15:22:00.000,
1063,761,688,2025-04-01 15:23:00.000,
1211,714,653,2025-04-01 15:24:00.000,
1852,969,416,2025-04-01 15:25:00.000,
1430,554,373,2025-04-01 15:26:00.000,
1398,430,526,2025-04-01 15:27:00.000,
1926,602,821,2025-04-01 15:28:00.000,
1788,761,768,2025-04-01 15:29:00.000,
1598,745,696,2025-04-01 15:30:00.000,
1968,159,164,2025-04-01 15:31:00.000,
1712,907,976,2025-04-01 15:32:00.000,
1020,425,32,2025-04-01 15:33:00.000,
1877,671,147,2025-04-01 15:34:00.000,
1901,102,870,2025-04-01 15:35:00.000,
1783,854,623,2025-04-01 15:36:00.000,
1589,502,695,2025-04-01 15:37:00.000,
1389,631,801,2025-04-01 15:38:00.000,
1488,418,449,2025-04-01 15:39:00.000,
1006,962,36,2025-04-01 15:40:00.000,
1965,975,130,2025-04-01 15:41:00.000,
1360,287,69,2025-04-01 15:42:00.000,
1305,34,242,2025-04-01 15:43:00.000,
1771,707,798,2025-04-01 15:44:00.000,
1399,380,661,2025-04-01 15:45:00.000,
1873,223,376,2025-04-01 15:46:00.000,
1913,455,371,2025-04-01 15:47:00.000,
1976,456,393,2025-04-01 15:48:00.000,
1855,974,973,2025-04-01 15:49:00.000,
1429,242,581,2025-04-01 15:50:00.000,
1551,876,34,2025-04-01 15:51:00.000,
1765,372,620,2025-04-01 15:52:00.000,
1752,102,158,2025-04-01 15:53:00.000,
1559,703,696,2025-04-01 15:54:00.000,
1819,377,461,2025-04-01 15:55:00.000,
1617,558,972,2025-04-01 15:56:00.000,
1919,924,380,2025-04-01 15:57:00.000,
1225,661,381,2025-04-01 15:58:00.000,
1499,368,455,2025-04-01 15:59:00.000,
1224,63,782,2025-04-01 16:00:00.000,
1279,408,79,2025-04-01 16:01:00.000,
1446,283,588,2025-04-01 16:02:00.000,
1497,195,141,2025-04-01 16:03:00.000,
1029,992,543,2025-04-01 16:04:00.000,
1398,126,376,2025-04-01 16:05:00.000,
1344,972,408,2025-04-01 16:06:00.000,
1684,869,322,2025-04-01 16:07:00.000,
1695,844,666,2025-04-01 16:08:00.000,
1817,466,286,2025-04-01 16:09:00.000,
1414,94,256,2025-04-01 16:10:00.000,
1741,679,984,2025-04-01 16:11:00.000,
1169,218,117,2025-04-01 16:12:00.000,
1860,658,27,2025-04-01 16:13:00.000,
1478,655,754,2025-04-01 16:14:00.000,
1941,612,191,2025-04-01 16:15:00.000,
1130,995,512,2025-04-01 16:16:00.000,
1637,22,531,2025-04-01 16:17:00.000,
1546,52,397,2025-04-01 16:18:00.000,
1027,806,936,2025-04-01 16:19:00.000,
1928,342,576,2025-04-01 16:20:00.000,
1403,250,121,2025-04-01 16:21:00.000,
1606,129,269,2025-04-01 16:22:00.000,
1577,806,794,2025-04-01 16:23:00.000,
1678,579,267,2025-04-01 16:24:00.000,
1027,211,721,2025-04-01 16:25:00.000,
1085,71,457,2025-04-01 16:26:00.000,
1658,850,220,2025-04-01 16:27:00.000,
1438,784,627,2025-04-01 16:28:00.000,
1138,568,293,2025-04-01 16:29:00.000,
1887,213,711,2025-04-01 16:30:00.000,
1472,601,939,2025-04-01 16:31:00.000,
1186,222,503,2025-04-01 16:32:00.000,
1051,833,205,2025-04-01 16:33:00.000,
1266,891,126,2025-04-01 16:34:00.000,
1388,239,139,2025-04-01 16:35:00.000,
1335,337,874,2025-04-01 16:36:00.000,
1216,793,76,2025-04-01 16:37:00.000,
1465,152,463,2025-04-01 16:38:00.000,
1334,808,177,2025-04-01 16:39:00.000,
