bidder,bid_count,starttime,endtime
727516,3,2025-04-13 18:55:32,2025-04-13 18:55:42
721410,4,2025-04-13 03:28:33,2025-04-13 03:28:43
602250,2,2025-04-13 05:58:37,2025-04-13 05:58:47
891398,7,2025-04-13 09:17:10,2025-04-13 09:17:20
255585,2,2025-04-13 19:48:20,2025-04-13 19:48:30
493558,5,2025-04-13 02:30:13,2025-04-13 02:30:23
204895,9,2025-04-13 10:31:33,2025-04-13 10:31:43
376356,3,2025-04-13 21:36:46,2025-04-13 21:36:56
521006,7,2025-04-13 08:59:06,2025-04-13 08:59:16
418203,9,2025-04-13 07:00:24,2025-04-13 07:00:34
297540,6,2025-04-13 20:03:37,2025-04-13 20:03:47
359195,3,2025-04-13 01:47:27,2025-04-13 01:47:37
865819,3,2025-04-13 16:26:48,2025-04-13 16:26:58
563375,2,2025-04-13 02:03:45,2025-04-13 02:03:55
992521,5,2025-04-13 17:25:49,2025-04-13 17:25:59
806888,3,2025-04-13 13:54:39,2025-04-13 13:54:49
254705,3,2025-04-13 09:27:17,2025-04-13 09:27:27
372756,5,2025-04-13 13:14:05,2025-04-13 13:14:15
206410,7,2025-04-13 17:48:03,2025-04-13 17:48:13
848540,2,2025-04-13 08:49:22,2025-04-13 08:49:32
989782,1,2025-04-13 10:22:20,2025-04-13 10:22:30
456798,1,2025-04-13 17:17:51,2025-04-13 17:18:01
747925,3,2025-04-13 19:18:51,2025-04-13 19:19:01
921275,3,2025-04-13 06:31:51,2025-04-13 06:32:01
859310,6,2025-04-13 06:12:56,2025-04-13 06:13:06
612203,9,2025-04-13 01:38:10,2025-04-13 01:38:20
520166,1,2025-04-13 11:17:29,2025-04-13 11:17:39
441860,1,2025-04-13 01:39:36,2025-04-13 01:39:46
114110,6,2025-04-13 06:40:50,2025-04-13 06:41:00
355657,4,2025-04-13 10:52:09,2025-04-13 10:52:19
122713,5,2025-04-13 01:25:41,2025-04-13 01:25:51
886335,4,2025-04-13 22:32:12,2025-04-13 22:32:22
327429,9,2025-04-13 23:04:40,2025-04-13 23:04:50
143169,4,2025-04-13 11:51:31,2025-04-13 11:51:41
477206,1,2025-04-13 23:53:28,2025-04-13 23:53:38
699492,6,2025-04-13 15:32:16,2025-04-13 15:32:26
723623,8,2025-04-13 08:27:48,2025-04-13 08:27:58
550566,6,2025-04-13 09:16:55,2025-04-13 09:17:05
648680,3,2025-04-13 05:22:07,2025-04-13 05:22:17
546037,1,2025-04-13 09:35:41,2025-04-13 09:35:51
403117,3,2025-04-13 21:10:13,2025-04-13 21:10:23
578113,6,2025-04-13 13:23:59,2025-04-13 13:24:09
390414,4,2025-04-13 02:15:35,2025-04-13 02:15:45
462140,2,2025-04-13 11:38:20,2025-04-13 11:38:30
597640,1,2025-04-13 07:52:41,2025-04-13 07:52:51
782194,5,2025-04-13 10:18:50,2025-04-13 10:19:00
743003,5,2025-04-13 09:56:19,2025-04-13 09:56:29
176502,10,2025-04-13 03:42:21,2025-04-13 03:42:31
227270,9,2025-04-13 17:07:50,2025-04-13 17:08:00
783038,10,2025-04-13 20:31:08,2025-04-13 20:31:18
349404,8,2025-04-13 23:38:10,2025-04-13 23:38:20
965340,8,2025-04-13 04:37:53,2025-04-13 04:38:03
216756,8,2025-04-13 20:37:49,2025-04-13 20:37:59
395166,6,2025-04-13 05:36:14,2025-04-13 05:36:24
215232,7,2025-04-13 12:01:43,2025-04-13 12:01:53
695999,9,2025-04-13 02:13:01,2025-04-13 02:13:11
925332,8,2025-04-13 00:18:40,2025-04-13 00:18:50
277653,5,2025-04-13 07:00:36,2025-04-13 07:00:46
582152,1,2025-04-13 23:51:30,2025-04-13 23:51:40
355352,5,2025-04-13 00:27:41,2025-04-13 00:27:51
652714,10,2025-04-13 08:03:18,2025-04-13 08:03:28
191227,1,2025-04-13 09:29:55,2025-04-13 09:30:05
245037,6,2025-04-13 12:54:45,2025-04-13 12:54:55
256826,5,2025-04-13 13:32:32,2025-04-13 13:32:42
491917,3,2025-04-13 05:30:45,2025-04-13 05:30:55
485551,8,2025-04-13 07:24:03,2025-04-13 07:24:13
185659,8,2025-04-13 21:59:44,2025-04-13 21:59:54
172439,1,2025-04-13 21:44:19,2025-04-13 21:44:29
107707,8,2025-04-13 12:13:48,2025-04-13 12:13:58
233340,10,2025-04-13 01:23:59,2025-04-13 01:24:09
599595,1,2025-04-13 11:06:07,2025-04-13 11:06:17
473473,6,2025-04-13 14:05:03,2025-04-13 14:05:13
261958,3,2025-04-13 21:20:28,2025-04-13 21:20:38
891204,4,2025-04-13 03:13:09,2025-04-13 03:13:19
301220,2,2025-04-13 20:14:51,2025-04-13 20:15:01
818914,3,2025-04-13 17:39:44,2025-04-13 17:39:54
633182,5,2025-04-13 16:05:43,2025-04-13 16:05:53
477378,5,2025-04-13 06:13:20,2025-04-13 06:13:30
328745,7,2025-04-13 20:25:18,2025-04-13 20:25:28
705168,3,2025-04-13 13:40:47,2025-04-13 13:40:57
938718,5,2025-04-13 21:23:32,2025-04-13 21:23:42
912740,10,2025-04-13 05:39:18,2025-04-13 05:39:28
281630,3,2025-04-13 06:33:25,2025-04-13 06:33:35
934313,9,2025-04-13 07:53:13,2025-04-13 07:53:23
859806,9,2025-04-13 09:01:02,2025-04-13 09:01:12
382839,10,2025-04-13 12:45:13,2025-04-13 12:45:23
927928,8,2025-04-13 11:36:10,2025-04-13 11:36:20
275593,1,2025-04-13 22:48:56,2025-04-13 22:49:06
277090,1,2025-04-13 16:12:18,2025-04-13 16:12:28
846216,10,2025-04-13 19:35:09,2025-04-13 19:35:19
613205,10,2025-04-13 00:49:48,2025-04-13 00:49:58
400467,3,2025-04-13 19:14:35,2025-04-13 19:14:45
738842,1,2025-04-13 00:43:11,2025-04-13 00:43:21
212105,8,2025-04-13 03:22:39,2025-04-13 03:22:49
311487,10,2025-04-13 07:15:20,2025-04-13 07:15:30
540117,1,2025-04-13 10:51:44,2025-04-13 10:51:54
488591,2,2025-04-13 17:31:50,2025-04-13 17:32:00
349174,9,2025-04-13 05:05:49,2025-04-13 05:05:59
709150,9,2025-04-13 23:30:02,2025-04-13 23:30:12
152618,3,2025-04-13 17:21:54,2025-04-13 17:22:04
127654,7,2025-04-13 07:34:31,2025-04-13 07:34:41
160416,4,2025-04-13 12:09:30,2025-04-13 12:09:40
510081,7,2025-04-13 22:20:03,2025-04-13 22:20:13
654103,6,2025-04-13 04:56:21,2025-04-13 04:56:31
567455,4,2025-04-13 08:14:13,2025-04-13 08:14:23
148906,7,2025-04-13 00:24:03,2025-04-13 00:24:13
960215,5,2025-04-13 19:00:44,2025-04-13 19:00:54
102899,4,2025-04-13 08:15:10,2025-04-13 08:15:20
432178,2,2025-04-13 09:21:55,2025-04-13 09:22:05
871823,8,2025-04-13 21:28:55,2025-04-13 21:29:05
488770,5,2025-04-13 03:58:07,2025-04-13 03:58:17
171646,5,2025-04-13 04:24:33,2025-04-13 04:24:43
782011,4,2025-04-13 12:14:05,2025-04-13 12:14:15
299024,9,2025-04-13 13:01:42,2025-04-13 13:01:52
654049,5,2025-04-13 13:40:13,2025-04-13 13:40:23
559390,2,2025-04-13 22:56:35,2025-04-13 22:56:45
480069,10,2025-04-13 16:14:19,2025-04-13 16:14:29
437936,6,2025-04-13 08:10:17,2025-04-13 08:10:27
601782,2,2025-04-13 19:13:43,2025-04-13 19:13:53
504776,9,2025-04-13 19:05:24,2025-04-13 19:05:34
615685,6,2025-04-13 17:16:01,2025-04-13 17:16:11
331718,2,2025-04-13 16:28:11,2025-04-13 16:28:21
215043,10,2025-04-13 09:52:09,2025-04-13 09:52:19
254821,6,2025-04-13 04:00:52,2025-04-13 04:01:02
341287,7,2025-04-13 21:47:55,2025-04-13 21:48:05
867526,10,2025-04-13 09:58:12,2025-04-13 09:58:22
182751,5,2025-04-13 15:26:56,2025-04-13 15:27:06
944279,3,2025-04-13 15:35:05,2025-04-13 15:35:15
934695,4,2025-04-13 20:54:34,2025-04-13 20:54:44
216172,10,2025-04-13 01:41:41,2025-04-13 01:41:51
964085,5,2025-04-13 14:25:14,2025-04-13 14:25:24
620685,7,2025-04-13 03:42:42,2025-04-13 03:42:52
926484,2,2025-04-13 15:26:31,2025-04-13 15:26:41
523018,4,2025-04-13 13:02:25,2025-04-13 13:02:35
577614,3,2025-04-13 10:45:29,2025-04-13 10:45:39
786478,5,2025-04-13 04:34:16,2025-04-13 04:34:26
995472,5,2025-04-13 05:47:17,2025-04-13 05:47:27
493122,8,2025-04-13 03:11:06,2025-04-13 03:11:16
166146,1,2025-04-13 19:02:31,2025-04-13 19:02:41
948905,10,2025-04-13 20:43:37,2025-04-13 20:43:47
343078,4,2025-04-13 22:06:12,2025-04-13 22:06:22
191558,3,2025-04-13 21:09:41,2025-04-13 21:09:51
364077,2,2025-04-13 18:02:02,2025-04-13 18:02:12
522591,7,2025-04-13 13:19:13,2025-04-13 13:19:23
885334,1,2025-04-13 23:33:00,2025-04-13 23:33:10
260994,9,2025-04-13 23:14:09,2025-04-13 23:14:19
488550,2,2025-04-13 09:41:17,2025-04-13 09:41:27
870444,3,2025-04-13 06:53:34,2025-04-13 06:53:44
245540,4,2025-04-13 09:24:06,2025-04-13 09:24:16
525839,6,2025-04-13 22:16:04,2025-04-13 22:16:14
347138,8,2025-04-13 04:22:30,2025-04-13 04:22:40
545872,3,2025-04-13 23:19:52,2025-04-13 23:20:02
655672,4,2025-04-13 03:44:33,2025-04-13 03:44:43
964014,5,2025-04-13 09:37:15,2025-04-13 09:37:25
458267,10,2025-04-13 19:57:38,2025-04-13 19:57:48
712795,1,2025-04-13 18:01:30,2025-04-13 18:01:40
603022,6,2025-04-13 08:55:18,2025-04-13 08:55:28
866312,10,2025-04-13 11:31:58,2025-04-13 11:32:08
326517,9,2025-04-13 20:26:24,2025-04-13 20:26:34
264688,8,2025-04-13 13:16:55,2025-04-13 13:17:05
132269,5,2025-04-13 00:27:17,2025-04-13 00:27:27
859583,7,2025-04-13 14:30:19,2025-04-13 14:30:29
335187,9,2025-04-13 08:52:32,2025-04-13 08:52:42
887698,8,2025-04-13 04:46:48,2025-04-13 04:46:58
121999,1,2025-04-13 20:35:26,2025-04-13 20:35:36
587335,6,2025-04-13 04:05:47,2025-04-13 04:05:57
275239,3,2025-04-13 09:58:51,2025-04-13 09:59:01
664708,1,2025-04-13 20:57:25,2025-04-13 20:57:35
354101,1,2025-04-13 18:05:35,2025-04-13 18:05:45
827828,7,2025-04-13 03:31:09,2025-04-13 03:31:19
698918,7,2025-04-13 08:38:07,2025-04-13 08:38:17
148478,6,2025-04-13 08:45:27,2025-04-13 08:45:37
908207,6,2025-04-13 05:21:29,2025-04-13 05:21:39
185873,7,2025-04-13 08:33:25,2025-04-13 08:33:35
708993,2,2025-04-13 03:48:53,2025-04-13 03:49:03
508604,3,2025-04-13 01:26:58,2025-04-13 01:27:08
933539,2,2025-04-13 00:42:59,2025-04-13 00:43:09
128316,8,2025-04-13 17:07:04,2025-04-13 17:07:14
412696,9,2025-04-13 06:58:49,2025-04-13 06:58:59
590212,9,2025-04-13 07:03:29,2025-04-13 07:03:39
966090,8,2025-04-13 21:15:05,2025-04-13 21:15:15
556247,2,2025-04-13 11:30:51,2025-04-13 11:31:01
540982,2,2025-04-13 10:14:43,2025-04-13 10:14:53
837058,4,2025-04-13 03:57:52,2025-04-13 03:58:02
525794,9,2025-04-13 04:58:54,2025-04-13 04:59:04
342520,8,2025-04-13 23:54:31,2025-04-13 23:54:41
886359,1,2025-04-13 23:03:32,2025-04-13 23:03:42
956533,5,2025-04-13 15:47:01,2025-04-13 15:47:11
539090,6,2025-04-13 02:34:49,2025-04-13 02:34:59
518778,2,2025-04-13 12:08:55,2025-04-13 12:09:05
222823,10,2025-04-13 06:26:28,2025-04-13 06:26:38
781482,2,2025-04-13 09:34:41,2025-04-13 09:34:51
696068,4,2025-04-13 13:17:19,2025-04-13 13:17:29
657283,4,2025-04-13 05:48:15,2025-04-13 05:48:25
451583,10,2025-04-13 11:16:02,2025-04-13 11:16:12
344580,5,2025-04-13 13:09:00,2025-04-13 13:09:10
106956,9,2025-04-13 13:10:00,2025-04-13 13:10:10
340531,2,2025-04-13 17:52:39,2025-04-13 17:52:49
234391,1,2025-04-13 22:11:20,2025-04-13 22:11:30
692641,3,2025-04-13 08:59:55,2025-04-13 09:00:05
815037,10,2025-04-13 03:03:11,2025-04-13 03:03:21
587262,1,2025-04-13 21:18:50,2025-04-13 21:19:00
626762,9,2025-04-13 06:31:02,2025-04-13 06:31:12
784198,9,2025-04-13 17:42:53,2025-04-13 17:43:03
171590,7,2025-04-13 05:53:09,2025-04-13 05:53:19
550546,7,2025-04-13 01:15:32,2025-04-13 01:15:42
599358,6,2025-04-13 17:48:29,2025-04-13 17:48:39
746450,6,2025-04-13 02:49:01,2025-04-13 02:49:11
846985,10,2025-04-13 06:59:05,2025-04-13 06:59:15
945561,7,2025-04-13 22:05:45,2025-04-13 22:05:55
798428,5,2025-04-13 04:22:40,2025-04-13 04:22:50
942380,9,2025-04-13 16:45:48,2025-04-13 16:45:58
554855,5,2025-04-13 01:23:30,2025-04-13 01:23:40
338692,5,2025-04-13 10:51:14,2025-04-13 10:51:24
228287,3,2025-04-13 17:52:42,2025-04-13 17:52:52
235868,4,2025-04-13 16:32:41,2025-04-13 16:32:51
515852,5,2025-04-13 12:51:23,2025-04-13 12:51:33
620195,8,2025-04-13 11:40:16,2025-04-13 11:40:26
587303,5,2025-04-13 22:24:49,2025-04-13 22:24:59
204074,2,2025-04-13 10:25:52,2025-04-13 10:26:02
641411,4,2025-04-13 10:53:28,2025-04-13 10:53:38
710013,2,2025-04-13 05:01:05,2025-04-13 05:01:15
266565,7,2025-04-13 13:43:24,2025-04-13 13:43:34
903903,8,2025-04-13 04:40:16,2025-04-13 04:40:26
856410,1,2025-04-13 05:28:53,2025-04-13 05:29:03
874924,1,2025-04-13 05:04:00,2025-04-13 05:04:10
736207,5,2025-04-13 09:16:25,2025-04-13 09:16:35
175690,3,2025-04-13 01:25:29,2025-04-13 01:25:39
746207,3,2025-04-13 15:08:29,2025-04-13 15:08:39
446931,9,2025-04-13 10:21:07,2025-04-13 10:21:17
660068,10,2025-04-13 12:15:22,2025-04-13 12:15:32
538395,10,2025-04-13 02:22:49,2025-04-13 02:22:59
661653,5,2025-04-13 21:30:01,2025-04-13 21:30:11
694644,5,2025-04-13 12:17:31,2025-04-13 12:17:41
533067,10,2025-04-13 10:25:11,2025-04-13 10:25:21
676724,9,2025-04-13 01:37:17,2025-04-13 01:37:27
199750,8,2025-04-13 07:12:09,2025-04-13 07:12:19
925539,9,2025-04-13 21:47:42,2025-04-13 21:47:52
805984,5,2025-04-13 14:59:07,2025-04-13 14:59:17
269505,10,2025-04-13 07:04:28,2025-04-13 07:04:38
333394,2,2025-04-13 05:19:23,2025-04-13 05:19:33
957617,8,2025-04-13 21:58:22,2025-04-13 21:58:32
601628,2,2025-04-13 05:00:38,2025-04-13 05:00:48
737075,3,2025-04-13 04:16:21,2025-04-13 04:16:31
183322,1,2025-04-13 23:27:08,2025-04-13 23:27:18
836344,3,2025-04-13 18:09:18,2025-04-13 18:09:28
249066,6,2025-04-13 00:45:36,2025-04-13 00:45:46
527531,8,2025-04-13 16:58:18,2025-04-13 16:58:28
487028,2,2025-04-13 16:44:22,2025-04-13 16:44:32
679549,4,2025-04-13 01:31:26,2025-04-13 01:31:36
190525,8,2025-04-13 13:14:24,2025-04-13 13:14:34
575707,1,2025-04-13 00:14:05,2025-04-13 00:14:15
294576,4,2025-04-13 18:41:59,2025-04-13 18:42:09
222102,10,2025-04-13 08:50:31,2025-04-13 08:50:41
149726,3,2025-04-13 12:44:13,2025-04-13 12:44:23
291240,2,2025-04-13 23:52:35,2025-04-13 23:52:45
185484,8,2025-04-13 22:10:50,2025-04-13 22:11:00
892232,3,2025-04-13 00:54:34,2025-04-13 00:54:44
686081,2,2025-04-13 15:44:08,2025-04-13 15:44:18
214621,6,2025-04-13 14:34:53,2025-04-13 14:35:03
574264,2,2025-04-13 09:53:32,2025-04-13 09:53:42
681871,4,2025-04-13 18:29:38,2025-04-13 18:29:48
936615,4,2025-04-13 09:42:37,2025-04-13 09:42:47
223185,10,2025-04-13 22:14:26,2025-04-13 22:14:36
664962,1,2025-04-13 20:05:59,2025-04-13 20:06:09
868873,9,2025-04-13 18:10:59,2025-04-13 18:11:09
412783,1,2025-04-13 16:47:20,2025-04-13 16:47:30
405512,1,2025-04-13 20:07:35,2025-04-13 20:07:45
246570,3,2025-04-13 22:09:11,2025-04-13 22:09:21
559598,1,2025-04-13 06:36:03,2025-04-13 06:36:13
983648,2,2025-04-13 21:48:48,2025-04-13 21:48:58
604208,9,2025-04-13 10:03:04,2025-04-13 10:03:14
821516,5,2025-04-13 12:01:00,2025-04-13 12:01:10
873563,3,2025-04-13 14:54:02,2025-04-13 14:54:12
883264,2,2025-04-13 16:29:18,2025-04-13 16:29:28
975457,10,2025-04-13 22:47:11,2025-04-13 22:47:21
345875,3,2025-04-13 16:33:09,2025-04-13 16:33:19
120562,9,2025-04-13 06:56:36,2025-04-13 06:56:46
265222,3,2025-04-13 07:26:42,2025-04-13 07:26:52
484015,1,2025-04-13 23:32:44,2025-04-13 23:32:54
415185,8,2025-04-13 09:09:28,2025-04-13 09:09:38
867005,7,2025-04-13 18:37:12,2025-04-13 18:37:22
993351,3,2025-04-13 08:21:24,2025-04-13 08:21:34
950987,5,2025-04-13 03:40:37,2025-04-13 03:40:47
909741,7,2025-04-13 08:31:29,2025-04-13 08:31:39
914130,1,2025-04-13 06:36:37,2025-04-13 06:36:47
921017,10,2025-04-13 09:49:55,2025-04-13 09:50:05
513089,9,2025-04-13 06:59:22,2025-04-13 06:59:32
619681,2,2025-04-13 07:31:50,2025-04-13 07:32:00
553255,10,2025-04-13 23:07:54,2025-04-13 23:08:04
367301,10,2025-04-13 07:18:10,2025-04-13 07:18:20
578403,10,2025-04-13 22:25:27,2025-04-13 22:25:37
386786,10,2025-04-13 14:47:27,2025-04-13 14:47:37
110096,10,2025-04-13 08:15:13,2025-04-13 08:15:23
518546,6,2025-04-13 15:17:44,2025-04-13 15:17:54
108193,5,2025-04-13 02:29:06,2025-04-13 02:29:16
419216,5,2025-04-13 18:34:31,2025-04-13 18:34:41
962480,1,2025-04-13 12:25:39,2025-04-13 12:25:49
959157,2,2025-04-13 19:06:56,2025-04-13 19:07:06
467210,3,2025-04-13 23:32:22,2025-04-13 23:32:32
706806,5,2025-04-13 12:19:08,2025-04-13 12:19:18
971222,4,2025-04-13 08:42:59,2025-04-13 08:43:09
136605,10,2025-04-13 14:56:41,2025-04-13 14:56:51
932229,8,2025-04-13 05:19:39,2025-04-13 05:19:49
504003,9,2025-04-13 15:48:48,2025-04-13 15:48:58
446336,6,2025-04-13 15:09:55,2025-04-13 15:10:05
174474,7,2025-04-13 10:52:30,2025-04-13 10:52:40
916884,9,2025-04-13 21:39:32,2025-04-13 21:39:42
887699,4,2025-04-13 03:30:47,2025-04-13 03:30:57
472494,3,2025-04-13 11:03:10,2025-04-13 11:03:20
158924,9,2025-04-13 10:29:51,2025-04-13 10:30:01
907664,3,2025-04-13 19:52:56,2025-04-13 19:53:06
294763,10,2025-04-13 00:32:24,2025-04-13 00:32:34
504800,3,2025-04-13 23:15:28,2025-04-13 23:15:38
717337,1,2025-04-13 12:57:55,2025-04-13 12:58:05
811580,9,2025-04-13 13:21:35,2025-04-13 13:21:45
618793,1,2025-04-13 00:12:21,2025-04-13 00:12:31
602827,8,2025-04-13 09:47:12,2025-04-13 09:47:22
373930,4,2025-04-13 02:22:06,2025-04-13 02:22:16
195118,8,2025-04-13 19:36:23,2025-04-13 19:36:33
908721,4,2025-04-13 02:38:14,2025-04-13 02:38:24
490974,7,2025-04-13 04:01:46,2025-04-13 04:01:56
839463,9,2025-04-13 13:18:57,2025-04-13 13:19:07
696622,5,2025-04-13 07:28:57,2025-04-13 07:29:07
224388,4,2025-04-13 00:21:03,2025-04-13 00:21:13
533574,8,2025-04-13 06:09:02,2025-04-13 06:09:12
484544,7,2025-04-13 10:40:19,2025-04-13 10:40:29
164657,6,2025-04-13 05:27:31,2025-04-13 05:27:41
979923,7,2025-04-13 10:33:56,2025-04-13 10:34:06
342588,10,2025-04-13 02:10:13,2025-04-13 02:10:23
663359,5,2025-04-13 20:16:36,2025-04-13 20:16:46
100539,4,2025-04-13 08:04:54,2025-04-13 08:05:04
768245,1,2025-04-13 16:24:09,2025-04-13 16:24:19
671601,10,2025-04-13 06:22:37,2025-04-13 06:22:47
266769,4,2025-04-13 18:59:25,2025-04-13 18:59:35
605058,6,2025-04-13 17:47:49,2025-04-13 17:47:59
895675,3,2025-04-13 07:03:17,2025-04-13 07:03:27
931790,5,2025-04-13 21:55:53,2025-04-13 21:56:03
796441,7,2025-04-13 04:31:17,2025-04-13 04:31:27
365529,4,2025-04-13 20:59:56,2025-04-13 21:00:06
505635,1,2025-04-13 15:26:07,2025-04-13 15:26:17
151502,8,2025-04-13 23:41:33,2025-04-13 23:41:43
591384,2,2025-04-13 12:48:08,2025-04-13 12:48:18
206279,2,2025-04-13 13:51:11,2025-04-13 13:51:21
314501,4,2025-04-13 03:56:50,2025-04-13 03:57:00
120920,2,2025-04-13 22:09:13,2025-04-13 22:09:23
162602,9,2025-04-13 08:29:13,2025-04-13 08:29:23
801825,9,2025-04-13 06:13:35,2025-04-13 06:13:45
742421,8,2025-04-13 22:10:43,2025-04-13 22:10:53
420922,6,2025-04-13 22:36:58,2025-04-13 22:37:08
174537,8,2025-04-13 10:38:29,2025-04-13 10:38:39
372745,10,2025-04-13 06:21:50,2025-04-13 06:22:00
711533,2,2025-04-13 23:45:21,2025-04-13 23:45:31
104088,4,2025-04-13 04:17:41,2025-04-13 04:17:51
211634,5,2025-04-13 07:09:00,2025-04-13 07:09:10
365433,1,2025-04-13 08:05:18,2025-04-13 08:05:28
613900,4,2025-04-13 00:20:59,2025-04-13 00:21:09
855203,1,2025-04-13 17:21:30,2025-04-13 17:21:40
561616,4,2025-04-13 01:57:19,2025-04-13 01:57:29
213019,8,2025-04-13 00:16:28,2025-04-13 00:16:38
231086,2,2025-04-13 15:22:49,2025-04-13 15:22:59
489596,10,2025-04-13 11:52:00,2025-04-13 11:52:10
557579,6,2025-04-13 13:06:20,2025-04-13 13:06:30
466288,9,2025-04-13 09:10:21,2025-04-13 09:10:31
290713,9,2025-04-13 03:26:49,2025-04-13 03:26:59
308283,3,2025-04-13 00:25:51,2025-04-13 00:26:01
641000,6,2025-04-13 22:38:27,2025-04-13 22:38:37
313162,6,2025-04-13 14:27:44,2025-04-13 14:27:54
342009,8,2025-04-13 12:28:59,2025-04-13 12:29:09
176071,10,2025-04-13 06:37:16,2025-04-13 06:37:26
654150,10,2025-04-13 05:46:52,2025-04-13 05:47:02
852907,9,2025-04-13 07:52:15,2025-04-13 07:52:25
579803,8,2025-04-13 01:07:36,2025-04-13 01:07:46
555401,3,2025-04-13 23:47:20,2025-04-13 23:47:30
125639,5,2025-04-13 16:53:58,2025-04-13 16:54:08
322681,4,2025-04-13 03:55:48,2025-04-13 03:55:58
396178,9,2025-04-13 06:41:59,2025-04-13 06:42:09
517848,1,2025-04-13 00:22:39,2025-04-13 00:22:49
520086,9,2025-04-13 01:50:44,2025-04-13 01:50:54
413811,6,2025-04-13 02:03:39,2025-04-13 02:03:49
607973,7,2025-04-13 19:37:17,2025-04-13 19:37:27
110787,10,2025-04-13 06:59:44,2025-04-13 06:59:54
723248,1,2025-04-13 03:28:43,2025-04-13 03:28:53
104745,10,2025-04-13 02:02:54,2025-04-13 02:03:04
205849,8,2025-04-13 04:09:56,2025-04-13 04:10:06
890692,4,2025-04-13 22:57:17,2025-04-13 22:57:27
944280,8,2025-04-13 23:11:46,2025-04-13 23:11:56
286193,3,2025-04-13 23:15:27,2025-04-13 23:15:37
592503,10,2025-04-13 08:29:35,2025-04-13 08:29:45
120834,8,2025-04-13 23:39:04,2025-04-13 23:39:14
786031,6,2025-04-13 00:27:47,2025-04-13 00:27:57
824114,10,2025-04-13 15:35:37,2025-04-13 15:35:47
759264,1,2025-04-13 15:27:06,2025-04-13 15:27:16
651637,3,2025-04-13 22:03:52,2025-04-13 22:04:02
278544,3,2025-04-13 09:01:21,2025-04-13 09:01:31
624953,2,2025-04-13 07:26:05,2025-04-13 07:26:15
804268,4,2025-04-13 23:24:00,2025-04-13 23:24:10
876241,1,2025-04-13 14:43:59,2025-04-13 14:44:09
322259,1,2025-04-13 23:17:51,2025-04-13 23:18:01
195045,4,2025-04-13 01:14:03,2025-04-13 01:14:13
925424,9,2025-04-13 07:48:02,2025-04-13 07:48:12
297356,4,2025-04-13 13:53:44,2025-04-13 13:53:54
689563,5,2025-04-13 17:01:54,2025-04-13 17:02:04
880071,5,2025-04-13 06:13:08,2025-04-13 06:13:18
541181,7,2025-04-13 10:27:15,2025-04-13 10:27:25
329063,9,2025-04-13 13:51:01,2025-04-13 13:51:11
296342,6,2025-04-13 05:17:16,2025-04-13 05:17:26
189365,1,2025-04-13 17:45:27,2025-04-13 17:45:37
757474,4,2025-04-13 16:12:15,2025-04-13 16:12:25
286734,4,2025-04-13 14:36:32,2025-04-13 14:36:42
386950,2,2025-04-13 19:14:52,2025-04-13 19:15:02
576660,5,2025-04-13 02:09:12,2025-04-13 02:09:22
561384,6,2025-04-13 09:18:54,2025-04-13 09:19:04
981032,6,2025-04-13 15:10:30,2025-04-13 15:10:40
602917,8,2025-04-13 10:36:00,2025-04-13 10:36:10
110572,5,2025-04-13 19:22:29,2025-04-13 19:22:39
240473,6,2025-04-13 09:09:10,2025-04-13 09:09:20
807620,8,2025-04-13 10:50:46,2025-04-13 10:50:56
737582,10,2025-04-13 07:27:45,2025-04-13 07:27:55
183947,8,2025-04-13 15:28:33,2025-04-13 15:28:43
309212,1,2025-04-13 19:46:11,2025-04-13 19:46:21
173126,6,2025-04-13 18:27:33,2025-04-13 18:27:43
688455,3,2025-04-13 00:05:58,2025-04-13 00:06:08
484287,1,2025-04-13 06:47:26,2025-04-13 06:47:36
472255,10,2025-04-13 10:50:06,2025-04-13 10:50:16
180990,2,2025-04-13 22:05:41,2025-04-13 22:05:51
172375,4,2025-04-13 22:32:07,2025-04-13 22:32:17
937710,2,2025-04-13 11:31:28,2025-04-13 11:31:38
595041,9,2025-04-13 09:11:27,2025-04-13 09:11:37
517483,9,2025-04-13 23:53:39,2025-04-13 23:53:49
903467,6,2025-04-13 00:25:47,2025-04-13 00:25:57
103480,1,2025-04-13 17:54:03,2025-04-13 17:54:13
812070,4,2025-04-13 23:21:24,2025-04-13 23:21:34
893737,2,2025-04-13 12:22:54,2025-04-13 12:23:04
882735,10,2025-04-13 18:23:38,2025-04-13 18:23:48
734190,5,2025-04-13 09:27:35,2025-04-13 09:27:45
235616,7,2025-04-13 13:15:36,2025-04-13 13:15:46
663690,1,2025-04-13 21:47:00,2025-04-13 21:47:10
230733,8,2025-04-13 07:46:57,2025-04-13 07:47:07
549577,6,2025-04-13 08:14:34,2025-04-13 08:14:44
354147,2,2025-04-13 07:02:34,2025-04-13 07:02:44
299740,8,2025-04-13 22:42:55,2025-04-13 22:43:05
131874,9,2025-04-13 02:13:53,2025-04-13 02:14:03
407150,5,2025-04-13 09:26:30,2025-04-13 09:26:40
834127,2,2025-04-13 05:37:22,2025-04-13 05:37:32
182708,3,2025-04-13 09:43:05,2025-04-13 09:43:15
741110,5,2025-04-13 14:55:49,2025-04-13 14:55:59
503233,7,2025-04-13 10:25:19,2025-04-13 10:25:29
359366,8,2025-04-13 21:46:18,2025-04-13 21:46:28
819926,3,2025-04-13 22:57:02,2025-04-13 22:57:12
928302,9,2025-04-13 13:15:42,2025-04-13 13:15:52
872205,8,2025-04-13 06:07:32,2025-04-13 06:07:42
473159,3,2025-04-13 15:23:07,2025-04-13 15:23:17
842660,3,2025-04-13 02:10:29,2025-04-13 02:10:39
283710,9,2025-04-13 22:19:51,2025-04-13 22:20:01
761974,1,2025-04-13 15:26:21,2025-04-13 15:26:31
142572,2,2025-04-13 22:01:33,2025-04-13 22:01:43
267024,8,2025-04-13 14:42:50,2025-04-13 14:43:00
481736,3,2025-04-13 03:26:53,2025-04-13 03:27:03
720843,7,2025-04-13 00:02:24,2025-04-13 00:02:34
276571,2,2025-04-13 22:13:38,2025-04-13 22:13:48
495846,9,2025-04-13 13:29:18,2025-04-13 13:29:28
835802,5,2025-04-13 04:14:59,2025-04-13 04:15:09
711674,3,2025-04-13 15:56:01,2025-04-13 15:56:11
238435,1,2025-04-13 20:58:47,2025-04-13 20:58:57
465725,6,2025-04-13 00:52:10,2025-04-13 00:52:20
525507,10,2025-04-13 10:19:56,2025-04-13 10:20:06
787371,1,2025-04-13 03:44:29,2025-04-13 03:44:39
446137,6,2025-04-13 14:50:23,2025-04-13 14:50:33
247983,1,2025-04-13 22:02:49,2025-04-13 22:02:59
198862,2,2025-04-13 15:40:27,2025-04-13 15:40:37
923542,3,2025-04-13 10:48:57,2025-04-13 10:49:07
613316,3,2025-04-13 02:31:21,2025-04-13 02:31:31
788806,1,2025-04-13 06:47:15,2025-04-13 06:47:25
269052,8,2025-04-13 06:59:50,2025-04-13 07:00:00
113860,10,2025-04-13 09:57:00,2025-04-13 09:57:10
439523,4,2025-04-13 12:06:10,2025-04-13 12:06:20
305351,10,2025-04-13 18:02:13,2025-04-13 18:02:23
423487,2,2025-04-13 05:09:52,2025-04-13 05:10:02
217232,9,2025-04-13 07:40:14,2025-04-13 07:40:24
554006,9,2025-04-13 08:06:33,2025-04-13 08:06:43
824845,2,2025-04-13 17:26:58,2025-04-13 17:27:08
454116,6,2025-04-13 17:30:53,2025-04-13 17:31:03
746750,4,2025-04-13 02:57:47,2025-04-13 02:57:57
237485,6,2025-04-13 15:36:19,2025-04-13 15:36:29
946379,10,2025-04-13 11:58:14,2025-04-13 11:58:24
380085,7,2025-04-13 02:57:36,2025-04-13 02:57:46
767421,4,2025-04-13 21:34:51,2025-04-13 21:35:01
445919,10,2025-04-13 10:45:44,2025-04-13 10:45:54
462462,7,2025-04-13 22:59:50,2025-04-13 23:00:00
148129,8,2025-04-13 10:09:52,2025-04-13 10:10:02
680396,6,2025-04-13 13:59:03,2025-04-13 13:59:13
583202,5,2025-04-13 03:28:54,2025-04-13 03:29:04
348006,10,2025-04-13 23:39:37,2025-04-13 23:39:47
312127,8,2025-04-13 09:48:17,2025-04-13 09:48:27
769102,2,2025-04-13 14:14:48,2025-04-13 14:14:58
712311,8,2025-04-13 11:16:22,2025-04-13 11:16:32
221658,10,2025-04-13 07:57:49,2025-04-13 07:57:59
875561,4,2025-04-13 23:02:20,2025-04-13 23:02:30
756655,7,2025-04-13 18:16:26,2025-04-13 18:16:36
990993,1,2025-04-13 14:30:55,2025-04-13 14:31:05
987618,6,2025-04-13 18:43:25,2025-04-13 18:43:35
332184,8,2025-04-13 04:44:36,2025-04-13 04:44:46
162058,1,2025-04-13 16:39:40,2025-04-13 16:39:50
958941,6,2025-04-13 09:06:00,2025-04-13 09:06:10
546964,10,2025-04-13 08:29:48,2025-04-13 08:29:58
957748,2,2025-04-13 12:32:57,2025-04-13 12:33:07
572226,7,2025-04-13 19:33:12,2025-04-13 19:33:22
750135,10,2025-04-13 19:44:29,2025-04-13 19:44:39
410606,8,2025-04-13 14:23:05,2025-04-13 14:23:15
818664,10,2025-04-13 14:25:12,2025-04-13 14:25:22
854478,6,2025-04-13 01:31:43,2025-04-13 01:31:53
616184,4,2025-04-13 23:28:56,2025-04-13 23:29:06
218420,3,2025-04-13 06:53:18,2025-04-13 06:53:28
636770,6,2025-04-13 02:05:52,2025-04-13 02:06:02
971441,9,2025-04-13 01:21:56,2025-04-13 01:22:06
509041,8,2025-04-13 00:04:35,2025-04-13 00:04:45
597153,8,2025-04-13 12:57:17,2025-04-13 12:57:27
900438,3,2025-04-13 04:18:28,2025-04-13 04:18:38
317971,3,2025-04-13 22:54:41,2025-04-13 22:54:51
249488,3,2025-04-13 00:41:03,2025-04-13 00:41:13
190538,1,2025-04-13 14:18:54,2025-04-13 14:19:04
310462,7,2025-04-13 19:00:11,2025-04-13 19:00:21
114957,6,2025-04-13 22:16:32,2025-04-13 22:16:42
496654,1,2025-04-13 06:42:19,2025-04-13 06:42:29
214723,9,2025-04-13 02:20:28,2025-04-13 02:20:38
120085,1,2025-04-13 00:16:41,2025-04-13 00:16:51
222009,1,2025-04-13 04:21:17,2025-04-13 04:21:27
534003,6,2025-04-13 05:05:04,2025-04-13 05:05:14
340153,4,2025-04-13 09:38:33,2025-04-13 09:38:43
206789,9,2025-04-13 02:16:03,2025-04-13 02:16:13
824785,4,2025-04-13 09:48:17,2025-04-13 09:48:27
940290,1,2025-04-13 19:26:24,2025-04-13 19:26:34
446345,9,2025-04-13 05:13:38,2025-04-13 05:13:48
255142,4,2025-04-13 19:57:37,2025-04-13 19:57:47
604255,7,2025-04-13 19:30:01,2025-04-13 19:30:11
270388,7,2025-04-13 01:04:21,2025-04-13 01:04:31
663888,8,2025-04-13 08:28:09,2025-04-13 08:28:19
902901,1,2025-04-13 02:42:25,2025-04-13 02:42:35
938004,10,2025-04-13 17:58:40,2025-04-13 17:58:50
437268,2,2025-04-13 12:58:13,2025-04-13 12:58:23
585130,3,2025-04-13 17:07:40,2025-04-13 17:07:50
241663,8,2025-04-13 21:12:39,2025-04-13 21:12:49
654521,9,2025-04-13 02:05:32,2025-04-13 02:05:42
742495,7,2025-04-13 07:15:38,2025-04-13 07:15:48
299344,8,2025-04-13 19:07:00,2025-04-13 19:07:10
203753,4,2025-04-13 14:13:47,2025-04-13 14:13:57
782494,10,2025-04-13 11:04:07,2025-04-13 11:04:17
518323,7,2025-04-13 00:10:17,2025-04-13 00:10:27
554849,7,2025-04-13 14:10:32,2025-04-13 14:10:42
118969,4,2025-04-13 00:35:40,2025-04-13 00:35:50
761536,6,2025-04-13 02:02:31,2025-04-13 02:02:41
495352,10,2025-04-13 00:17:22,2025-04-13 00:17:32
156885,8,2025-04-13 16:31:23,2025-04-13 16:31:33
826843,8,2025-04-13 15:24:26,2025-04-13 15:24:36
427584,9,2025-04-13 11:49:32,2025-04-13 11:49:42
255191,3,2025-04-13 14:14:32,2025-04-13 14:14:42
308956,2,2025-04-13 20:37:45,2025-04-13 20:37:55
144389,4,2025-04-13 23:44:01,2025-04-13 23:44:11
538929,8,2025-04-13 17:12:41,2025-04-13 17:12:51
140751,2,2025-04-13 07:42:41,2025-04-13 07:42:51
838914,6,2025-04-13 04:46:20,2025-04-13 04:46:30
536145,6,2025-04-13 10:29:44,2025-04-13 10:29:54
904109,6,2025-04-13 20:10:51,2025-04-13 20:11:01
758122,2,2025-04-13 23:23:16,2025-04-13 23:23:26
850825,4,2025-04-13 21:02:16,2025-04-13 21:02:26
831301,8,2025-04-13 22:18:57,2025-04-13 22:19:07
501385,8,2025-04-13 20:05:34,2025-04-13 20:05:44
515108,9,2025-04-13 03:29:40,2025-04-13 03:29:50
976383,1,2025-04-13 06:22:52,2025-04-13 06:23:02
927919,3,2025-04-13 18:12:28,2025-04-13 18:12:38
444903,4,2025-04-13 08:42:35,2025-04-13 08:42:45
457907,8,2025-04-13 03:48:28,2025-04-13 03:48:38
522475,8,2025-04-13 21:56:57,2025-04-13 21:57:07
570322,8,2025-04-13 22:59:33,2025-04-13 22:59:43
812842,3,2025-04-13 23:06:39,2025-04-13 23:06:49
963314,5,2025-04-13 09:11:40,2025-04-13 09:11:50
210398,6,2025-04-13 09:22:11,2025-04-13 09:22:21
251438,4,2025-04-13 08:21:48,2025-04-13 08:21:58
990843,8,2025-04-13 07:59:35,2025-04-13 07:59:45
634478,4,2025-04-13 02:56:45,2025-04-13 02:56:55
510731,6,2025-04-13 17:07:12,2025-04-13 17:07:22
159448,4,2025-04-13 14:39:36,2025-04-13 14:39:46
635120,6,2025-04-13 06:29:14,2025-04-13 06:29:24
350544,1,2025-04-13 22:34:55,2025-04-13 22:35:05
565171,2,2025-04-13 22:09:49,2025-04-13 22:09:59
792233,3,2025-04-13 11:14:35,2025-04-13 11:14:45
468189,9,2025-04-13 18:45:50,2025-04-13 18:46:00
794590,1,2025-04-13 20:17:25,2025-04-13 20:17:35
633894,1,2025-04-13 18:05:43,2025-04-13 18:05:53
237905,1,2025-04-13 21:32:03,2025-04-13 21:32:13
813839,6,2025-04-13 17:51:59,2025-04-13 17:52:09
871746,9,2025-04-13 05:22:03,2025-04-13 05:22:13
838493,4,2025-04-13 19:50:54,2025-04-13 19:51:04
595115,6,2025-04-13 19:57:54,2025-04-13 19:58:04
956360,10,2025-04-13 04:00:25,2025-04-13 04:00:35
483278,3,2025-04-13 23:47:17,2025-04-13 23:47:27
661406,7,2025-04-13 03:16:12,2025-04-13 03:16:22
123501,1,2025-04-13 18:00:12,2025-04-13 18:00:22
633251,2,2025-04-13 02:59:13,2025-04-13 02:59:23
159798,7,2025-04-13 23:34:18,2025-04-13 23:34:28
717279,8,2025-04-13 01:47:33,2025-04-13 01:47:43
726305,7,2025-04-13 12:51:42,2025-04-13 12:51:52
914482,9,2025-04-13 13:43:48,2025-04-13 13:43:58
260966,9,2025-04-13 10:38:17,2025-04-13 10:38:27
881073,10,2025-04-13 08:07:34,2025-04-13 08:07:44
878126,1,2025-04-13 23:57:25,2025-04-13 23:57:35
707201,5,2025-04-13 06:36:52,2025-04-13 06:37:02
578124,1,2025-04-13 15:57:23,2025-04-13 15:57:33
179147,4,2025-04-13 01:54:33,2025-04-13 01:54:43
722688,4,2025-04-13 22:49:30,2025-04-13 22:49:40
959194,9,2025-04-13 12:14:19,2025-04-13 12:14:29
189039,2,2025-04-13 02:09:29,2025-04-13 02:09:39
614319,4,2025-04-13 01:05:20,2025-04-13 01:05:30
114147,5,2025-04-13 20:16:14,2025-04-13 20:16:24
101489,9,2025-04-13 22:47:28,2025-04-13 22:47:38
668140,7,2025-04-13 01:34:14,2025-04-13 01:34:24
334355,1,2025-04-13 03:22:40,2025-04-13 03:22:50
131673,6,2025-04-13 21:08:03,2025-04-13 21:08:13
970167,2,2025-04-13 12:59:36,2025-04-13 12:59:46
763704,9,2025-04-13 22:40:02,2025-04-13 22:40:12
145458,3,2025-04-13 10:21:36,2025-04-13 10:21:46
632943,6,2025-04-13 22:36:22,2025-04-13 22:36:32
344961,5,2025-04-13 14:54:33,2025-04-13 14:54:43
217266,2,2025-04-13 14:05:29,2025-04-13 14:05:39
949998,8,2025-04-13 17:36:05,2025-04-13 17:36:15
907426,1,2025-04-13 00:37:23,2025-04-13 00:37:33
939408,8,2025-04-13 19:35:50,2025-04-13 19:36:00
569853,8,2025-04-13 07:32:53,2025-04-13 07:33:03
975303,8,2025-04-13 03:18:11,2025-04-13 03:18:21
821120,9,2025-04-13 05:04:39,2025-04-13 05:04:49
156289,1,2025-04-13 13:07:23,2025-04-13 13:07:33
285022,8,2025-04-13 15:44:53,2025-04-13 15:45:03
748711,9,2025-04-13 14:41:32,2025-04-13 14:41:42
564824,5,2025-04-13 05:05:31,2025-04-13 05:05:41
785266,6,2025-04-13 10:29:58,2025-04-13 10:30:08
526397,4,2025-04-13 22:27:08,2025-04-13 22:27:18
208077,3,2025-04-13 22:21:57,2025-04-13 22:22:07
187795,9,2025-04-13 09:32:21,2025-04-13 09:32:31
584981,8,2025-04-13 20:54:50,2025-04-13 20:55:00
521646,2,2025-04-13 14:46:15,2025-04-13 14:46:25
379056,7,2025-04-13 20:08:01,2025-04-13 20:08:11
449646,10,2025-04-13 23:07:11,2025-04-13 23:07:21
194221,8,2025-04-13 15:40:37,2025-04-13 15:40:47
233598,6,2025-04-13 19:42:20,2025-04-13 19:42:30
602065,10,2025-04-13 12:53:30,2025-04-13 12:53:40
399107,3,2025-04-13 16:49:30,2025-04-13 16:49:40
545869,8,2025-04-13 05:00:11,2025-04-13 05:00:21
355221,9,2025-04-13 15:09:49,2025-04-13 15:09:59
225319,3,2025-04-13 03:42:57,2025-04-13 03:43:07
378859,4,2025-04-13 19:47:45,2025-04-13 19:47:55
504810,1,2025-04-13 08:34:14,2025-04-13 08:34:24
777931,8,2025-04-13 00:03:01,2025-04-13 00:03:11
541878,4,2025-04-13 00:38:32,2025-04-13 00:38:42
446324,5,2025-04-13 14:05:41,2025-04-13 14:05:51
829755,7,2025-04-13 17:45:03,2025-04-13 17:45:13
100840,6,2025-04-13 07:57:56,2025-04-13 07:58:06
153356,2,2025-04-13 20:06:40,2025-04-13 20:06:50
805265,9,2025-04-13 23:56:02,2025-04-13 23:56:12
659180,8,2025-04-13 13:07:32,2025-04-13 13:07:42
456641,9,2025-04-13 01:43:15,2025-04-13 01:43:25
303472,6,2025-04-13 18:59:00,2025-04-13 18:59:10
209218,4,2025-04-13 19:26:50,2025-04-13 19:27:00
890556,6,2025-04-13 23:10:05,2025-04-13 23:10:15
476927,1,2025-04-13 14:23:36,2025-04-13 14:23:46
427082,7,2025-04-13 15:06:17,2025-04-13 15:06:27
229727,2,2025-04-13 04:13:42,2025-04-13 04:13:52
999611,8,2025-04-13 11:20:51,2025-04-13 11:21:01
647404,10,2025-04-13 03:50:12,2025-04-13 03:50:22
529304,10,2025-04-13 20:15:30,2025-04-13 20:15:40
374015,3,2025-04-13 02:05:40,2025-04-13 02:05:50
273429,7,2025-04-13 16:17:33,2025-04-13 16:17:43
414342,1,2025-04-13 08:37:22,2025-04-13 08:37:32
684402,4,2025-04-13 21:16:23,2025-04-13 21:16:33
332170,2,2025-04-13 23:53:14,2025-04-13 23:53:24
876774,5,2025-04-13 20:13:42,2025-04-13 20:13:52
565524,9,2025-04-13 21:21:46,2025-04-13 21:21:56
996140,1,2025-04-13 15:59:53,2025-04-13 16:00:03
295491,4,2025-04-13 11:35:18,2025-04-13 11:35:28
802668,2,2025-04-13 23:18:43,2025-04-13 23:18:53
143970,10,2025-04-13 23:22:54,2025-04-13 23:23:04
736922,6,2025-04-13 11:25:47,2025-04-13 11:25:57
265332,2,2025-04-13 04:50:44,2025-04-13 04:50:54
196323,1,2025-04-13 17:54:30,2025-04-13 17:54:40
179323,4,2025-04-13 23:57:20,2025-04-13 23:57:30
174905,2,2025-04-13 23:00:01,2025-04-13 23:00:11
926017,2,2025-04-13 17:05:57,2025-04-13 17:06:07
520516,10,2025-04-13 22:07:46,2025-04-13 22:07:56
139999,5,2025-04-13 01:02:43,2025-04-13 01:02:53
887304,6,2025-04-13 05:06:01,2025-04-13 05:06:11
337929,3,2025-04-13 17:37:50,2025-04-13 17:38:00
319677,3,2025-04-13 23:46:03,2025-04-13 23:46:13
768539,5,2025-04-13 04:54:56,2025-04-13 04:55:06
100428,6,2025-04-13 12:55:51,2025-04-13 12:56:01
743275,6,2025-04-13 10:25:59,2025-04-13 10:26:09
256471,7,2025-04-13 09:17:36,2025-04-13 09:17:46
964366,9,2025-04-13 01:44:56,2025-04-13 01:45:06
501175,2,2025-04-13 20:13:53,2025-04-13 20:14:03
231391,6,2025-04-13 23:39:54,2025-04-13 23:40:04
421920,3,2025-04-13 07:43:44,2025-04-13 07:43:54
487690,10,2025-04-13 01:13:34,2025-04-13 01:13:44
384130,1,2025-04-13 23:37:35,2025-04-13 23:37:45
843542,8,2025-04-13 15:59:16,2025-04-13 15:59:26
240443,7,2025-04-13 10:13:29,2025-04-13 10:13:39
677316,9,2025-04-13 12:13:00,2025-04-13 12:13:10
449584,4,2025-04-13 03:18:33,2025-04-13 03:18:43
723595,2,2025-04-13 18:51:51,2025-04-13 18:52:01
242256,2,2025-04-13 00:08:08,2025-04-13 00:08:18
274882,5,2025-04-13 16:19:18,2025-04-13 16:19:28
593965,8,2025-04-13 11:21:34,2025-04-13 11:21:44
215855,9,2025-04-13 09:54:00,2025-04-13 09:54:10
390243,3,2025-04-13 12:54:51,2025-04-13 12:55:01
467771,2,2025-04-13 00:12:00,2025-04-13 00:12:10
931406,9,2025-04-13 03:35:56,2025-04-13 03:36:06
539843,2,2025-04-13 06:47:25,2025-04-13 06:47:35
942446,10,2025-04-13 21:50:27,2025-04-13 21:50:37
583386,5,2025-04-13 09:21:23,2025-04-13 09:21:33
949698,5,2025-04-13 07:22:32,2025-04-13 07:22:42
685885,9,2025-04-13 14:05:57,2025-04-13 14:06:07
743494,1,2025-04-13 17:31:28,2025-04-13 17:31:38
411402,3,2025-04-13 22:31:57,2025-04-13 22:32:07
110015,6,2025-04-13 22:50:22,2025-04-13 22:50:32
786692,2,2025-04-13 10:44:35,2025-04-13 10:44:45
516951,3,2025-04-13 10:20:48,2025-04-13 10:20:58
787023,3,2025-04-13 04:20:52,2025-04-13 04:21:02
682079,2,2025-04-13 16:40:51,2025-04-13 16:41:01
429438,8,2025-04-13 20:28:40,2025-04-13 20:28:50
918555,8,2025-04-13 11:17:49,2025-04-13 11:17:59
643299,10,2025-04-13 12:18:05,2025-04-13 12:18:15
548221,5,2025-04-13 23:42:55,2025-04-13 23:43:05
476317,4,2025-04-13 11:01:59,2025-04-13 11:02:09
259634,10,2025-04-13 06:58:47,2025-04-13 06:58:57
657393,7,2025-04-13 13:41:00,2025-04-13 13:41:10
117200,2,2025-04-13 13:12:56,2025-04-13 13:13:06
235964,4,2025-04-13 16:11:27,2025-04-13 16:11:37
770543,2,2025-04-13 09:49:06,2025-04-13 09:49:16
918385,1,2025-04-13 19:47:43,2025-04-13 19:47:53
205745,3,2025-04-13 08:17:48,2025-04-13 08:17:58
376283,6,2025-04-13 05:53:50,2025-04-13 05:54:00
344430,8,2025-04-13 12:31:15,2025-04-13 12:31:25
104475,5,2025-04-13 07:58:25,2025-04-13 07:58:35
517356,7,2025-04-13 23:52:14,2025-04-13 23:52:24
963651,4,2025-04-13 08:44:04,2025-04-13 08:44:14
768420,1,2025-04-13 12:12:13,2025-04-13 12:12:23
760350,4,2025-04-13 08:14:38,2025-04-13 08:14:48
707795,1,2025-04-13 01:48:11,2025-04-13 01:48:21
400397,3,2025-04-13 10:15:13,2025-04-13 10:15:23
422032,2,2025-04-13 10:23:52,2025-04-13 10:24:02
726351,3,2025-04-13 04:27:35,2025-04-13 04:27:45
316606,2,2025-04-13 01:42:27,2025-04-13 01:42:37
138404,3,2025-04-13 03:37:14,2025-04-13 03:37:24
428834,5,2025-04-13 19:13:39,2025-04-13 19:13:49
948182,8,2025-04-13 16:44:27,2025-04-13 16:44:37
835780,5,2025-04-13 07:58:54,2025-04-13 07:59:04
538867,8,2025-04-13 19:14:28,2025-04-13 19:14:38
531348,10,2025-04-13 20:11:06,2025-04-13 20:11:16
918905,4,2025-04-13 13:11:35,2025-04-13 13:11:45
294152,5,2025-04-13 20:11:42,2025-04-13 20:11:52
191844,5,2025-04-13 20:28:13,2025-04-13 20:28:23
704393,9,2025-04-13 00:44:37,2025-04-13 00:44:47
309943,7,2025-04-13 16:23:12,2025-04-13 16:23:22
453622,7,2025-04-13 14:18:44,2025-04-13 14:18:54
114095,8,2025-04-13 03:20:31,2025-04-13 03:20:41
913346,8,2025-04-13 03:11:56,2025-04-13 03:12:06
696107,7,2025-04-13 07:31:02,2025-04-13 07:31:12
375633,3,2025-04-13 08:31:24,2025-04-13 08:31:34
435204,7,2025-04-13 09:15:23,2025-04-13 09:15:33
861777,8,2025-04-13 00:50:24,2025-04-13 00:50:34
516484,5,2025-04-13 06:12:21,2025-04-13 06:12:31
421749,3,2025-04-13 17:57:55,2025-04-13 17:58:05
569475,7,2025-04-13 16:00:54,2025-04-13 16:01:04
910703,6,2025-04-13 23:37:44,2025-04-13 23:37:54
792527,2,2025-04-13 12:53:19,2025-04-13 12:53:29
125735,8,2025-04-13 23:09:20,2025-04-13 23:09:30
468493,7,2025-04-13 23:07:29,2025-04-13 23:07:39
558440,1,2025-04-13 18:15:45,2025-04-13 18:15:55
680959,1,2025-04-13 10:05:47,2025-04-13 10:05:57
825355,2,2025-04-13 22:41:31,2025-04-13 22:41:41
413669,4,2025-04-13 11:11:53,2025-04-13 11:12:03
578226,1,2025-04-13 15:57:18,2025-04-13 15:57:28
405894,4,2025-04-13 12:25:17,2025-04-13 12:25:27
539173,9,2025-04-13 12:02:45,2025-04-13 12:02:55
588528,5,2025-04-13 00:29:40,2025-04-13 00:29:50
284859,6,2025-04-13 06:26:22,2025-04-13 06:26:32
479086,1,2025-04-13 16:22:41,2025-04-13 16:22:51
811902,3,2025-04-13 20:52:37,2025-04-13 20:52:47
604419,3,2025-04-13 17:44:43,2025-04-13 17:44:53
388520,9,2025-04-13 16:09:12,2025-04-13 16:09:22
789824,8,2025-04-13 15:12:21,2025-04-13 15:12:31
212639,9,2025-04-13 03:06:34,2025-04-13 03:06:44
774539,6,2025-04-13 06:18:23,2025-04-13 06:18:33
367486,8,2025-04-13 06:23:42,2025-04-13 06:23:52
242025,9,2025-04-13 21:26:33,2025-04-13 21:26:43
993458,2,2025-04-13 23:07:28,2025-04-13 23:07:38
207651,5,2025-04-13 09:49:28,2025-04-13 09:49:38
552008,2,2025-04-13 07:33:21,2025-04-13 07:33:31
485239,7,2025-04-13 21:33:35,2025-04-13 21:33:45
533420,9,2025-04-13 20:35:10,2025-04-13 20:35:20
324774,5,2025-04-13 09:54:03,2025-04-13 09:54:13
946147,9,2025-04-13 00:35:15,2025-04-13 00:35:25
877715,4,2025-04-13 11:11:35,2025-04-13 11:11:45
860146,3,2025-04-13 19:33:30,2025-04-13 19:33:40
323520,5,2025-04-13 22:57:45,2025-04-13 22:57:55
951097,4,2025-04-13 03:24:24,2025-04-13 03:24:34
144982,1,2025-04-13 17:37:28,2025-04-13 17:37:38
818555,4,2025-04-13 19:01:26,2025-04-13 19:01:36
751923,8,2025-04-13 19:24:42,2025-04-13 19:24:52
243160,8,2025-04-13 02:48:39,2025-04-13 02:48:49
127907,9,2025-04-13 08:28:53,2025-04-13 08:29:03
412454,9,2025-04-13 18:44:05,2025-04-13 18:44:15
538317,10,2025-04-13 10:40:34,2025-04-13 10:40:44
101994,10,2025-04-13 14:37:07,2025-04-13 14:37:17
869942,9,2025-04-13 05:10:21,2025-04-13 05:10:31
184639,5,2025-04-13 10:28:50,2025-04-13 10:29:00
926839,1,2025-04-13 17:17:14,2025-04-13 17:17:24
608499,1,2025-04-13 22:38:34,2025-04-13 22:38:44
622847,4,2025-04-13 13:34:51,2025-04-13 13:35:01
128803,9,2025-04-13 20:09:30,2025-04-13 20:09:40
842358,10,2025-04-13 04:41:27,2025-04-13 04:41:37
309469,9,2025-04-13 03:40:40,2025-04-13 03:40:50
269825,8,2025-04-13 00:54:36,2025-04-13 00:54:46
453320,1,2025-04-13 18:26:45,2025-04-13 18:26:55
710669,3,2025-04-13 18:59:40,2025-04-13 18:59:50
846936,3,2025-04-13 10:25:07,2025-04-13 10:25:17
193766,4,2025-04-13 15:04:25,2025-04-13 15:04:35
647677,4,2025-04-13 22:26:45,2025-04-13 22:26:55
794045,9,2025-04-13 04:50:27,2025-04-13 04:50:37
599713,5,2025-04-13 02:01:48,2025-04-13 02:01:58
789418,1,2025-04-13 07:26:04,2025-04-13 07:26:14
327391,10,2025-04-13 19:57:32,2025-04-13 19:57:42
660604,9,2025-04-13 12:55:53,2025-04-13 12:56:03
326579,4,2025-04-13 16:58:18,2025-04-13 16:58:28
480596,2,2025-04-13 16:43:46,2025-04-13 16:43:56
562403,6,2025-04-13 22:39:38,2025-04-13 22:39:48
300769,5,2025-04-13 00:09:10,2025-04-13 00:09:20
938141,1,2025-04-13 19:46:49,2025-04-13 19:46:59
448522,5,2025-04-13 08:15:16,2025-04-13 08:15:26
140500,4,2025-04-13 16:59:17,2025-04-13 16:59:27
674260,9,2025-04-13 17:05:23,2025-04-13 17:05:33
769059,3,2025-04-13 17:12:22,2025-04-13 17:12:32
475945,9,2025-04-13 23:26:05,2025-04-13 23:26:15
307326,2,2025-04-13 07:39:35,2025-04-13 07:39:45
394076,8,2025-04-13 14:31:10,2025-04-13 14:31:20
476760,9,2025-04-13 13:44:24,2025-04-13 13:44:34
405167,7,2025-04-13 11:59:16,2025-04-13 11:59:26
907532,2,2025-04-13 22:52:31,2025-04-13 22:52:41
636855,4,2025-04-13 04:56:46,2025-04-13 04:56:56
640159,8,2025-04-13 07:39:28,2025-04-13 07:39:38
780767,2,2025-04-13 04:25:04,2025-04-13 04:25:14
182239,8,2025-04-13 07:56:45,2025-04-13 07:56:55
335219,4,2025-04-13 12:05:23,2025-04-13 12:05:33
984279,3,2025-04-13 15:10:17,2025-04-13 15:10:27
734307,1,2025-04-13 14:56:13,2025-04-13 14:56:23
487519,4,2025-04-13 22:54:24,2025-04-13 22:54:34
724485,4,2025-04-13 22:39:02,2025-04-13 22:39:12
651038,3,2025-04-13 12:35:43,2025-04-13 12:35:53
396479,1,2025-04-13 17:52:37,2025-04-13 17:52:47
813131,10,2025-04-13 06:50:47,2025-04-13 06:50:57
747485,10,2025-04-13 04:29:55,2025-04-13 04:30:05
938629,1,2025-04-13 13:46:50,2025-04-13 13:47:00
626388,7,2025-04-13 03:30:06,2025-04-13 03:30:16
628480,7,2025-04-13 19:32:30,2025-04-13 19:32:40
418521,3,2025-04-13 11:23:53,2025-04-13 11:24:03
171108,3,2025-04-13 19:52:17,2025-04-13 19:52:27
581015,7,2025-04-13 23:52:09,2025-04-13 23:52:19
119622,4,2025-04-13 00:35:04,2025-04-13 00:35:14
131652,10,2025-04-13 05:20:18,2025-04-13 05:20:28
436966,3,2025-04-13 14:42:38,2025-04-13 14:42:48
138573,2,2025-04-13 22:35:25,2025-04-13 22:35:35
433608,7,2025-04-13 03:07:55,2025-04-13 03:08:05
398910,8,2025-04-13 13:29:02,2025-04-13 13:29:12
257313,6,2025-04-13 00:47:27,2025-04-13 00:47:37
726598,1,2025-04-13 03:38:34,2025-04-13 03:38:44
800980,2,2025-04-13 19:35:51,2025-04-13 19:36:01
207480,8,2025-04-13 03:17:42,2025-04-13 03:17:52
756180,9,2025-04-13 04:00:14,2025-04-13 04:00:24
729703,6,2025-04-13 16:40:45,2025-04-13 16:40:55
294166,4,2025-04-13 05:56:49,2025-04-13 05:56:59
563831,4,2025-04-13 13:57:53,2025-04-13 13:58:03
646722,8,2025-04-13 04:07:26,2025-04-13 04:07:36
870670,7,2025-04-13 10:39:56,2025-04-13 10:40:06
214366,1,2025-04-13 11:50:30,2025-04-13 11:50:40
177382,5,2025-04-13 21:03:29,2025-04-13 21:03:39
378245,1,2025-04-13 01:50:25,2025-04-13 01:50:35
196600,2,2025-04-13 09:56:56,2025-04-13 09:57:06
676706,5,2025-04-13 02:18:47,2025-04-13 02:18:57
936137,2,2025-04-13 04:25:38,2025-04-13 04:25:48
855005,8,2025-04-13 11:42:43,2025-04-13 11:42:53
628870,4,2025-04-13 13:14:46,2025-04-13 13:14:56
188550,7,2025-04-13 10:25:10,2025-04-13 10:25:20
761996,10,2025-04-13 18:29:28,2025-04-13 18:29:38
132711,4,2025-04-13 04:39:21,2025-04-13 04:39:31
164395,10,2025-04-13 21:48:09,2025-04-13 21:48:19
236179,7,2025-04-13 18:54:43,2025-04-13 18:54:53
621881,2,2025-04-13 20:51:44,2025-04-13 20:51:54
536139,9,2025-04-13 12:47:01,2025-04-13 12:47:11
424795,5,2025-04-13 02:30:29,2025-04-13 02:30:39
969356,2,2025-04-13 16:43:10,2025-04-13 16:43:20
156790,9,2025-04-13 17:27:54,2025-04-13 17:28:04
325599,6,2025-04-13 13:05:38,2025-04-13 13:05:48
896089,2,2025-04-13 20:31:58,2025-04-13 20:32:08
440409,9,2025-04-13 17:01:42,2025-04-13 17:01:52
960524,6,2025-04-13 15:02:35,2025-04-13 15:02:45
340938,9,2025-04-13 05:18:11,2025-04-13 05:18:21
104002,10,2025-04-13 23:58:38,2025-04-13 23:58:48
868573,8,2025-04-13 17:12:21,2025-04-13 17:12:31
959131,8,2025-04-13 20:17:10,2025-04-13 20:17:20
663306,4,2025-04-13 01:47:21,2025-04-13 01:47:31
359217,9,2025-04-13 14:00:27,2025-04-13 14:00:37
258134,5,2025-04-13 18:50:18,2025-04-13 18:50:28
173471,3,2025-04-13 08:09:01,2025-04-13 08:09:11
740274,10,2025-04-13 19:02:08,2025-04-13 19:02:18
442050,1,2025-04-13 14:23:45,2025-04-13 14:23:55
753878,6,2025-04-13 20:07:56,2025-04-13 20:08:06
992690,8,2025-04-13 11:00:20,2025-04-13 11:00:30
195310,6,2025-04-13 15:19:54,2025-04-13 15:20:04
357441,1,2025-04-13 21:05:49,2025-04-13 21:05:59
643362,1,2025-04-13 00:19:46,2025-04-13 00:19:56
417081,5,2025-04-13 04:46:12,2025-04-13 04:46:22
785201,2,2025-04-13 08:33:30,2025-04-13 08:33:40
952367,2,2025-04-13 07:31:06,2025-04-13 07:31:16
353310,5,2025-04-13 03:43:36,2025-04-13 03:43:46
272317,9,2025-04-13 20:50:41,2025-04-13 20:50:51
936589,1,2025-04-13 04:48:13,2025-04-13 04:48:23
807176,5,2025-04-13 08:14:31,2025-04-13 08:14:41
837750,2,2025-04-13 13:54:53,2025-04-13 13:55:03
944465,1,2025-04-13 18:10:46,2025-04-13 18:10:56
681346,2,2025-04-13 22:06:59,2025-04-13 22:07:09
768180,8,2025-04-13 13:44:29,2025-04-13 13:44:39
487975,6,2025-04-13 11:05:15,2025-04-13 11:05:25
581853,1,2025-04-13 14:52:05,2025-04-13 14:52:15
351777,5,2025-04-13 23:42:54,2025-04-13 23:43:04
446081,1,2025-04-13 16:09:30,2025-04-13 16:09:40
273511,3,2025-04-13 14:48:27,2025-04-13 14:48:37
298140,3,2025-04-13 10:16:47,2025-04-13 10:16:57
852835,9,2025-04-13 16:48:36,2025-04-13 16:48:46
803834,5,2025-04-13 07:40:02,2025-04-13 07:40:12
350067,2,2025-04-13 15:48:24,2025-04-13 15:48:34
579813,4,2025-04-13 01:40:39,2025-04-13 01:40:49
823657,2,2025-04-13 01:33:07,2025-04-13 01:33:17
753219,5,2025-04-13 16:59:47,2025-04-13 16:59:57
421548,7,2025-04-13 20:37:00,2025-04-13 20:37:10
685694,10,2025-04-13 21:53:33,2025-04-13 21:53:43
129942,5,2025-04-13 19:54:59,2025-04-13 19:55:09
877088,5,2025-04-13 17:37:28,2025-04-13 17:37:38
258895,1,2025-04-13 17:56:29,2025-04-13 17:56:39
553872,1,2025-04-13 03:17:57,2025-04-13 03:18:07
232123,9,2025-04-13 06:13:46,2025-04-13 06:13:56
590533,7,2025-04-13 02:03:52,2025-04-13 02:04:02
578150,4,2025-04-13 12:01:13,2025-04-13 12:01:23
881771,6,2025-04-13 05:13:33,2025-04-13 05:13:43
765154,5,2025-04-13 12:10:11,2025-04-13 12:10:21
140025,9,2025-04-13 22:03:20,2025-04-13 22:03:30
123565,5,2025-04-13 13:42:59,2025-04-13 13:43:09
509017,6,2025-04-13 19:00:09,2025-04-13 19:00:19
931270,2,2025-04-13 23:09:57,2025-04-13 23:10:07
908377,1,2025-04-13 17:47:28,2025-04-13 17:47:38
395170,4,2025-04-13 22:59:22,2025-04-13 22:59:32
480714,7,2025-04-13 14:43:15,2025-04-13 14:43:25
366383,3,2025-04-13 15:27:28,2025-04-13 15:27:38
533588,7,2025-04-13 12:20:18,2025-04-13 12:20:28
177070,6,2025-04-13 06:38:25,2025-04-13 06:38:35
928622,1,2025-04-13 19:28:14,2025-04-13 19:28:24
161681,9,2025-04-13 02:59:02,2025-04-13 02:59:12
235407,1,2025-04-13 01:51:14,2025-04-13 01:51:24
152241,5,2025-04-13 22:54:52,2025-04-13 22:55:02
879654,10,2025-04-13 13:43:22,2025-04-13 13:43:32
967633,8,2025-04-13 14:13:23,2025-04-13 14:13:33
717904,1,2025-04-13 14:57:54,2025-04-13 14:58:04
775022,10,2025-04-13 21:24:31,2025-04-13 21:24:41
928197,1,2025-04-13 21:55:26,2025-04-13 21:55:36
908629,2,2025-04-13 13:04:36,2025-04-13 13:04:46
658644,4,2025-04-13 04:05:25,2025-04-13 04:05:35
180008,10,2025-04-13 17:56:28,2025-04-13 17:56:38
701595,6,2025-04-13 19:56:03,2025-04-13 19:56:13
362788,5,2025-04-13 12:32:05,2025-04-13 12:32:15
900724,2,2025-04-13 10:23:05,2025-04-13 10:23:15
618656,5,2025-04-13 06:32:52,2025-04-13 06:33:02
682896,6,2025-04-13 18:31:16,2025-04-13 18:31:26
499711,10,2025-04-13 13:17:34,2025-04-13 13:17:44
710862,2,2025-04-13 07:41:15,2025-04-13 07:41:25
348724,4,2025-04-13 00:35:59,2025-04-13 00:36:09
717918,7,2025-04-13 05:01:14,2025-04-13 05:01:24
888765,1,2025-04-13 03:49:18,2025-04-13 03:49:28
277153,7,2025-04-13 07:59:05,2025-04-13 07:59:15
426607,3,2025-04-13 02:09:50,2025-04-13 02:10:00
164261,2,2025-04-13 21:07:31,2025-04-13 21:07:41
537988,9,2025-04-13 23:12:44,2025-04-13 23:12:54
313015,6,2025-04-13 15:00:03,2025-04-13 15:00:13
330643,5,2025-04-13 18:10:17,2025-04-13 18:10:27
612706,8,2025-04-13 05:40:36,2025-04-13 05:40:46
123214,3,2025-04-13 12:09:21,2025-04-13 12:09:31
297906,10,2025-04-13 18:52:36,2025-04-13 18:52:46
206064,1,2025-04-13 18:18:37,2025-04-13 18:18:47
280584,2,2025-04-13 06:07:44,2025-04-13 06:07:54
566321,8,2025-04-13 10:58:59,2025-04-13 10:59:09
775874,5,2025-04-13 03:33:36,2025-04-13 03:33:46
143052,2,2025-04-13 14:15:12,2025-04-13 14:15:22
449371,1,2025-04-13 07:32:40,2025-04-13 07:32:50
180223,1,2025-04-13 23:56:14,2025-04-13 23:56:24
