85,Person_85,2025-04-23 13:17:14
80,Person_80,2025-04-23 13:17:36
24,Person_24,2025-04-23 13:13:08
63,Person_63,2025-04-23 13:12:06
49,Person_49,2025-04-23 13:10:57
68,Person_68,2025-04-23 13:08:15
48,Person_48,2025-04-23 13:09:49
66,Person_66,2025-04-23 13:08:59
100,Person_100,2025-04-23 13:15:16
84,Person_84,2025-04-23 13:17:27
56,Person_56,2025-04-23 13:09:42
33,Person_33,2025-04-23 13:17:02
7,Person_7,2025-04-23 13:16:01
23,Person_23,2025-04-23 13:11:54
36,Person_36,2025-04-23 13:09:14
51,Person_51,2025-04-23 13:11:07
39,Person_39,2025-04-23 13:12:26
29,Person_29,2025-04-23 13:13:19
68,Person_68,2025-04-23 13:15:29
29,Person_29,2025-04-23 13:12:17
88,Person_88,2025-04-23 13:12:25
20,Person_20,2025-04-23 13:11:46
42,Person_42,2025-04-23 13:10:02
41,Person_41,2025-04-23 13:16:25
100,Person_100,2025-04-23 13:14:42
100,Person_100,2025-04-23 13:08:12
31,Person_31,2025-04-23 13:15:06
5,Person_5,2025-04-23 13:17:50
54,Person_54,2025-04-23 13:08:16
61,Person_61,2025-04-23 13:12:52
1,Person_1,2025-04-23 13:14:05
76,Person_76,2025-04-23 13:15:58
97,Person_97,2025-04-23 13:11:31
51,Person_51,2025-04-23 13:11:50
1,Person_1,2025-04-23 13:09:06
16,Person_16,2025-04-23 13:09:49
88,Person_88,2025-04-23 13:08:05
16,Person_16,2025-04-23 13:12:28
85,Person_85,2025-04-23 13:09:25
79,Person_79,2025-04-23 13:10:42
57,Person_57,2025-04-23 13:13:22
1,Person_1,2025-04-23 13:12:50
60,Person_60,2025-04-23 13:16:39
45,Person_45,2025-04-23 13:15:36
78,Person_78,2025-04-23 13:09:16
19,Person_19,2025-04-23 13:11:36
3,Person_3,2025-04-23 13:11:47
71,Person_71,2025-04-23 13:12:00
94,Person_94,2025-04-23 13:17:00
38,Person_38,2025-04-23 13:11:46
76,Person_76,2025-04-23 13:11:09
87,Person_87,2025-04-23 13:17:08
78,Person_78,2025-04-23 13:14:55
68,Person_68,2025-04-23 13:15:55
63,Person_63,2025-04-23 13:14:53
5,Person_5,2025-04-23 13:15:46
74,Person_74,2025-04-23 13:13:02
76,Person_76,2025-04-23 13:16:27
9,Person_9,2025-04-23 13:17:21
52,Person_52,2025-04-23 13:14:04
47,Person_47,2025-04-23 13:17:43
89,Person_89,2025-04-23 13:08:45
10,Person_10,2025-04-23 13:12:19
69,Person_69,2025-04-23 13:13:35
64,Person_64,2025-04-23 13:09:45
23,Person_23,2025-04-23 13:12:48
11,Person_11,2025-04-23 13:11:48
54,Person_54,2025-04-23 13:09:15
42,Person_42,2025-04-23 13:09:46
16,Person_16,2025-04-23 13:12:20
82,Person_82,2025-04-23 13:12:10
46,Person_46,2025-04-23 13:12:08
45,Person_45,2025-04-23 13:15:11
4,Person_4,2025-04-23 13:08:24
36,Person_36,2025-04-23 13:15:36
46,Person_46,2025-04-23 13:08:26
99,Person_99,2025-04-23 13:09:41
48,Person_48,2025-04-23 13:11:21
35,Person_35,2025-04-23 13:09:41
82,Person_82,2025-04-23 13:10:13
83,Person_83,2025-04-23 13:13:02
64,Person_64,2025-04-23 13:10:22
1,Person_1,2025-04-23 13:14:41
63,Person_63,2025-04-23 13:09:44
95,Person_95,2025-04-23 13:10:14
45,Person_45,2025-04-23 13:16:53
60,Person_60,2025-04-23 13:17:18
57,Person_57,2025-04-23 13:15:46
29,Person_29,2025-04-23 13:15:09
35,Person_35,2025-04-23 13:09:58
48,Person_48,2025-04-23 13:15:26
23,Person_23,2025-04-23 13:09:13
9,Person_9,2025-04-23 13:11:39
8,Person_8,2025-04-23 13:08:44
59,Person_59,2025-04-23 13:16:30
28,Person_28,2025-04-23 13:09:43
36,Person_36,2025-04-23 13:08:06
58,Person_58,2025-04-23 13:15:29
41,Person_41,2025-04-23 13:17:05
24,Person_24,2025-04-23 13:09:38
2,Person_2,2025-04-23 13:14:33
94,Person_94,2025-04-23 13:12:14
87,Person_87,2025-04-23 13:17:11
45,Person_45,2025-04-23 13:17:36
46,Person_46,2025-04-23 13:10:36
57,Person_57,2025-04-23 13:17:03
51,Person_51,2025-04-23 13:17:17
39,Person_39,2025-04-23 13:17:44
38,Person_38,2025-04-23 13:09:46
32,Person_32,2025-04-23 13:10:36
12,Person_12,2025-04-23 13:13:59
52,Person_52,2025-04-23 13:17:37
58,Person_58,2025-04-23 13:15:46
45,Person_45,2025-04-23 13:13:35
39,Person_39,2025-04-23 13:15:44
71,Person_71,2025-04-23 13:15:04
20,Person_20,2025-04-23 13:15:15
25,Person_25,2025-04-23 13:16:36
59,Person_59,2025-04-23 13:13:41
47,Person_47,2025-04-23 13:14:58
72,Person_72,2025-04-23 13:11:10
66,Person_66,2025-04-23 13:15:43
42,Person_42,2025-04-23 13:16:06
87,Person_87,2025-04-23 13:13:53
44,Person_44,2025-04-23 13:11:12
47,Person_47,2025-04-23 13:16:07
92,Person_92,2025-04-23 13:11:19
13,Person_13,2025-04-23 13:12:40
80,Person_80,2025-04-23 13:09:09
68,Person_68,2025-04-23 13:14:31
44,Person_44,2025-04-23 13:17:08
93,Person_93,2025-04-23 13:13:05
17,Person_17,2025-04-23 13:11:00
22,Person_22,2025-04-23 13:10:22
61,Person_61,2025-04-23 13:11:00
40,Person_40,2025-04-23 13:10:57
5,Person_5,2025-04-23 13:13:24
71,Person_71,2025-04-23 13:17:18
77,Person_77,2025-04-23 13:14:33
4,Person_4,2025-04-23 13:10:41
50,Person_50,2025-04-23 13:08:32
54,Person_54,2025-04-23 13:14:45
31,Person_31,2025-04-23 13:09:56
86,Person_86,2025-04-23 13:13:29
51,Person_51,2025-04-23 13:14:22
91,Person_91,2025-04-23 13:10:51
98,Person_98,2025-04-23 13:13:56
92,Person_92,2025-04-23 13:09:22
31,Person_31,2025-04-23 13:14:41
29,Person_29,2025-04-23 13:13:58
54,Person_54,2025-04-23 13:13:02
26,Person_26,2025-04-23 13:10:51
9,Person_9,2025-04-23 13:16:44
74,Person_74,2025-04-23 13:10:43
50,Person_50,2025-04-23 13:17:50
24,Person_24,2025-04-23 13:16:09
53,Person_53,2025-04-23 13:12:45
16,Person_16,2025-04-23 13:11:11
98,Person_98,2025-04-23 13:10:23
15,Person_15,2025-04-23 13:09:58
99,Person_99,2025-04-23 13:09:26
74,Person_74,2025-04-23 13:12:06
41,Person_41,2025-04-23 13:16:50
71,Person_71,2025-04-23 13:08:24
75,Person_75,2025-04-23 13:17:18
14,Person_14,2025-04-23 13:13:22
9,Person_9,2025-04-23 13:18:00
84,Person_84,2025-04-23 13:17:28
11,Person_11,2025-04-23 13:12:24
80,Person_80,2025-04-23 13:12:37
44,Person_44,2025-04-23 13:12:12
8,Person_8,2025-04-23 13:08:06
80,Person_80,2025-04-23 13:11:08
10,Person_10,2025-04-23 13:16:25
84,Person_84,2025-04-23 13:12:59
30,Person_30,2025-04-23 13:09:20
31,Person_31,2025-04-23 13:11:55
37,Person_37,2025-04-23 13:14:56
10,Person_10,2025-04-23 13:13:54
72,Person_72,2025-04-23 13:13:30
7,Person_7,2025-04-23 13:16:19
20,Person_20,2025-04-23 13:16:31
30,Person_30,2025-04-23 13:13:57
35,Person_35,2025-04-23 13:12:27
96,Person_96,2025-04-23 13:14:38
2,Person_2,2025-04-23 13:17:00
17,Person_17,2025-04-23 13:11:57
31,Person_31,2025-04-23 13:14:58
63,Person_63,2025-04-23 13:10:08
76,Person_76,2025-04-23 13:16:45
47,Person_47,2025-04-23 13:15:57
45,Person_45,2025-04-23 13:11:28
14,Person_14,2025-04-23 13:09:38
2,Person_2,2025-04-23 13:12:39
5,Person_5,2025-04-23 13:12:44
15,Person_15,2025-04-23 13:12:48
68,Person_68,2025-04-23 13:11:39
7,Person_7,2025-04-23 13:13:37
97,Person_97,2025-04-23 13:13:06
91,Person_91,2025-04-23 13:08:27
38,Person_38,2025-04-23 13:10:31
37,Person_37,2025-04-23 13:12:59
51,Person_51,2025-04-23 13:14:21
87,Person_87,2025-04-23 13:12:47
44,Person_44,2025-04-23 13:16:07
24,Person_24,2025-04-23 13:12:46
60,Person_60,2025-04-23 13:11:15
45,Person_45,2025-04-23 13:08:50
24,Person_24,2025-04-23 13:16:45
98,Person_98,2025-04-23 13:11:18
82,Person_82,2025-04-23 13:12:16
18,Person_18,2025-04-23 13:16:23
12,Person_12,2025-04-23 13:16:25
52,Person_52,2025-04-23 13:12:20
67,Person_67,2025-04-23 13:16:33
78,Person_78,2025-04-23 13:12:30
53,Person_53,2025-04-23 13:13:02
40,Person_40,2025-04-23 13:08:26
61,Person_61,2025-04-23 13:13:23
75,Person_75,2025-04-23 13:14:01
85,Person_85,2025-04-23 13:16:52
11,Person_11,2025-04-23 13:17:33
18,Person_18,2025-04-23 13:17:58
96,Person_96,2025-04-23 13:14:00
74,Person_74,2025-04-23 13:15:25
98,Person_98,2025-04-23 13:17:30
34,Person_34,2025-04-23 13:12:01
88,Person_88,2025-04-23 13:15:19
17,Person_17,2025-04-23 13:09:26
49,Person_49,2025-04-23 13:12:11
8,Person_8,2025-04-23 13:17:55
60,Person_60,2025-04-23 13:15:23
54,Person_54,2025-04-23 13:11:10
1,Person_1,2025-04-23 13:13:35
17,Person_17,2025-04-23 13:13:33
63,Person_63,2025-04-23 13:10:37
35,Person_35,2025-04-23 13:12:24
13,Person_13,2025-04-23 13:08:55
45,Person_45,2025-04-23 13:16:17
50,Person_50,2025-04-23 13:14:00
73,Person_73,2025-04-23 13:11:09
49,Person_49,2025-04-23 13:08:34
48,Person_48,2025-04-23 13:08:20
93,Person_93,2025-04-23 13:15:19
69,Person_69,2025-04-23 13:15:46
18,Person_18,2025-04-23 13:08:29
72,Person_72,2025-04-23 13:16:59
27,Person_27,2025-04-23 13:08:19
95,Person_95,2025-04-23 13:15:19
1,Person_1,2025-04-23 13:10:59
3,Person_3,2025-04-23 13:11:27
45,Person_45,2025-04-23 13:17:19
27,Person_27,2025-04-23 13:08:45
70,Person_70,2025-04-23 13:15:18
33,Person_33,2025-04-23 13:12:02
69,Person_69,2025-04-23 13:13:42
78,Person_78,2025-04-23 13:15:24
83,Person_83,2025-04-23 13:15:48
17,Person_17,2025-04-23 13:13:02
22,Person_22,2025-04-23 13:14:48
88,Person_88,2025-04-23 13:14:48
13,Person_13,2025-04-23 13:08:14
57,Person_57,2025-04-23 13:10:29
52,Person_52,2025-04-23 13:12:15
63,Person_63,2025-04-23 13:14:11
79,Person_79,2025-04-23 13:10:47
79,Person_79,2025-04-23 13:11:42
63,Person_63,2025-04-23 13:12:33
3,Person_3,2025-04-23 13:08:38
96,Person_96,2025-04-23 13:10:54
81,Person_81,2025-04-23 13:12:53
17,Person_17,2025-04-23 13:09:55
45,Person_45,2025-04-23 13:17:17
90,Person_90,2025-04-23 13:12:30
99,Person_99,2025-04-23 13:15:06
16,Person_16,2025-04-23 13:08:53
68,Person_68,2025-04-23 13:12:23
94,Person_94,2025-04-23 13:14:07
90,Person_90,2025-04-23 13:14:50
31,Person_31,2025-04-23 13:11:33
26,Person_26,2025-04-23 13:09:45
82,Person_82,2025-04-23 13:15:47
90,Person_90,2025-04-23 13:17:56
38,Person_38,2025-04-23 13:13:42
32,Person_32,2025-04-23 13:10:23
17,Person_17,2025-04-23 13:10:47
93,Person_93,2025-04-23 13:17:49
73,Person_73,2025-04-23 13:11:00
62,Person_62,2025-04-23 13:13:14
43,Person_43,2025-04-23 13:12:04
17,Person_17,2025-04-23 13:17:44
87,Person_87,2025-04-23 13:08:31
49,Person_49,2025-04-23 13:10:09
68,Person_68,2025-04-23 13:17:39
50,Person_50,2025-04-23 13:13:34
8,Person_8,2025-04-23 13:11:24
57,Person_57,2025-04-23 13:16:13
93,Person_93,2025-04-23 13:15:58
3,Person_3,2025-04-23 13:10:56
100,Person_100,2025-04-23 13:14:08
96,Person_96,2025-04-23 13:17:59
48,Person_48,2025-04-23 13:16:47
94,Person_94,2025-04-23 13:08:50
14,Person_14,2025-04-23 13:16:53
28,Person_28,2025-04-23 13:09:07
30,Person_30,2025-04-23 13:10:09
95,Person_95,2025-04-23 13:10:52
98,Person_98,2025-04-23 13:10:33
93,Person_93,2025-04-23 13:17:44
12,Person_12,2025-04-23 13:14:01
53,Person_53,2025-04-23 13:11:13
50,Person_50,2025-04-23 13:09:29
64,Person_64,2025-04-23 13:12:03
44,Person_44,2025-04-23 13:18:02
12,Person_12,2025-04-23 13:14:43
18,Person_18,2025-04-23 13:09:42
70,Person_70,2025-04-23 13:15:24
7,Person_7,2025-04-23 13:14:38
86,Person_86,2025-04-23 13:16:22
58,Person_58,2025-04-23 13:11:13
76,Person_76,2025-04-23 13:12:13
50,Person_50,2025-04-23 13:08:58
60,Person_60,2025-04-23 13:10:09
20,Person_20,2025-04-23 13:17:30
92,Person_92,2025-04-23 13:12:32
28,Person_28,2025-04-23 13:17:38
100,Person_100,2025-04-23 13:15:03
20,Person_20,2025-04-23 13:17:00
90,Person_90,2025-04-23 13:14:39
70,Person_70,2025-04-23 13:10:17
53,Person_53,2025-04-23 13:09:17
42,Person_42,2025-04-23 13:14:20
16,Person_16,2025-04-23 13:16:23
31,Person_31,2025-04-23 13:08:20
73,Person_73,2025-04-23 13:16:28
54,Person_54,2025-04-23 13:09:49
28,Person_28,2025-04-23 13:12:01
58,Person_58,2025-04-23 13:10:01
100,Person_100,2025-04-23 13:16:51
36,Person_36,2025-04-23 13:11:05
85,Person_85,2025-04-23 13:09:24
70,Person_70,2025-04-23 13:16:56
29,Person_29,2025-04-23 13:09:33
60,Person_60,2025-04-23 13:16:39
11,Person_11,2025-04-23 13:15:33
47,Person_47,2025-04-23 13:14:00
2,Person_2,2025-04-23 13:16:45
35,Person_35,2025-04-23 13:17:53
95,Person_95,2025-04-23 13:11:15
100,Person_100,2025-04-23 13:08:15
31,Person_31,2025-04-23 13:10:47
98,Person_98,2025-04-23 13:09:46
54,Person_54,2025-04-23 13:13:40
39,Person_39,2025-04-23 13:16:54
56,Person_56,2025-04-23 13:17:31
98,Person_98,2025-04-23 13:09:42
35,Person_35,2025-04-23 13:10:29
57,Person_57,2025-04-23 13:09:48
31,Person_31,2025-04-23 13:16:37
90,Person_90,2025-04-23 13:10:55
88,Person_88,2025-04-23 13:12:27
26,Person_26,2025-04-23 13:16:57
92,Person_92,2025-04-23 13:16:36
63,Person_63,2025-04-23 13:14:38
5,Person_5,2025-04-23 13:10:25
95,Person_95,2025-04-23 13:08:40
89,Person_89,2025-04-23 13:09:24
18,Person_18,2025-04-23 13:10:19
11,Person_11,2025-04-23 13:14:37
68,Person_68,2025-04-23 13:13:41
95,Person_95,2025-04-23 13:12:08
86,Person_86,2025-04-23 13:16:10
100,Person_100,2025-04-23 13:08:58
22,Person_22,2025-04-23 13:14:46
74,Person_74,2025-04-23 13:09:57
52,Person_52,2025-04-23 13:09:56
11,Person_11,2025-04-23 13:16:07
89,Person_89,2025-04-23 13:12:59
1,Person_1,2025-04-23 13:14:31
30,Person_30,2025-04-23 13:08:17
24,Person_24,2025-04-23 13:17:16
69,Person_69,2025-04-23 13:09:48
64,Person_64,2025-04-23 13:12:27
86,Person_86,2025-04-23 13:16:42
7,Person_7,2025-04-23 13:16:45
58,Person_58,2025-04-23 13:11:06
79,Person_79,2025-04-23 13:15:22
67,Person_67,2025-04-23 13:08:28
5,Person_5,2025-04-23 13:10:54
2,Person_2,2025-04-23 13:15:36
92,Person_92,2025-04-23 13:09:58
38,Person_38,2025-04-23 13:08:09
77,Person_77,2025-04-23 13:13:28
48,Person_48,2025-04-23 13:16:42
32,Person_32,2025-04-23 13:09:57
10,Person_10,2025-04-23 13:13:29
47,Person_47,2025-04-23 13:11:22
10,Person_10,2025-04-23 13:17:50
96,Person_96,2025-04-23 13:12:56
26,Person_26,2025-04-23 13:12:24
38,Person_38,2025-04-23 13:09:28
45,Person_45,2025-04-23 13:17:23
67,Person_67,2025-04-23 13:12:34
72,Person_72,2025-04-23 13:14:26
49,Person_49,2025-04-23 13:17:09
15,Person_15,2025-04-23 13:14:43
87,Person_87,2025-04-23 13:11:02
15,Person_15,2025-04-23 13:17:25
69,Person_69,2025-04-23 13:12:25
3,Person_3,2025-04-23 13:12:16
52,Person_52,2025-04-23 13:09:14
18,Person_18,2025-04-23 13:15:56
40,Person_40,2025-04-23 13:13:38
44,Person_44,2025-04-23 13:08:07
18,Person_18,2025-04-23 13:10:17
86,Person_86,2025-04-23 13:13:40
20,Person_20,2025-04-23 13:15:33
76,Person_76,2025-04-23 13:10:33
2,Person_2,2025-04-23 13:13:47
7,Person_7,2025-04-23 13:17:51
89,Person_89,2025-04-23 13:13:56
71,Person_71,2025-04-23 13:10:53
15,Person_15,2025-04-23 13:15:09
37,Person_37,2025-04-23 13:17:23
74,Person_74,2025-04-23 13:16:16
51,Person_51,2025-04-23 13:11:32
4,Person_4,2025-04-23 13:12:28
65,Person_65,2025-04-23 13:16:39
95,Person_95,2025-04-23 13:09:52
8,Person_8,2025-04-23 13:12:07
11,Person_11,2025-04-23 13:08:07
97,Person_97,2025-04-23 13:14:33
58,Person_58,2025-04-23 13:15:43
82,Person_82,2025-04-23 13:10:02
10,Person_10,2025-04-23 13:09:13
75,Person_75,2025-04-23 13:09:42
48,Person_48,2025-04-23 13:08:06
87,Person_87,2025-04-23 13:12:18
4,Person_4,2025-04-23 13:17:25
92,Person_92,2025-04-23 13:13:51
32,Person_32,2025-04-23 13:10:09
8,Person_8,2025-04-23 13:16:35
18,Person_18,2025-04-23 13:08:18
69,Person_69,2025-04-23 13:09:16
54,Person_54,2025-04-23 13:13:04
79,Person_79,2025-04-23 13:15:45
27,Person_27,2025-04-23 13:09:30
30,Person_30,2025-04-23 13:08:03
82,Person_82,2025-04-23 13:13:09
33,Person_33,2025-04-23 13:09:32
31,Person_31,2025-04-23 13:13:49
43,Person_43,2025-04-23 13:14:35
92,Person_92,2025-04-23 13:09:21
78,Person_78,2025-04-23 13:08:58
90,Person_90,2025-04-23 13:16:15
30,Person_30,2025-04-23 13:10:18
91,Person_91,2025-04-23 13:11:45
60,Person_60,2025-04-23 13:11:12
62,Person_62,2025-04-23 13:14:48
59,Person_59,2025-04-23 13:08:39
80,Person_80,2025-04-23 13:11:16
57,Person_57,2025-04-23 13:11:57
73,Person_73,2025-04-23 13:09:48
33,Person_33,2025-04-23 13:16:38
67,Person_67,2025-04-23 13:12:48
72,Person_72,2025-04-23 13:11:36
99,Person_99,2025-04-23 13:12:31
28,Person_28,2025-04-23 13:13:15
73,Person_73,2025-04-23 13:10:16
83,Person_83,2025-04-23 13:17:01
65,Person_65,2025-04-23 13:13:12
97,Person_97,2025-04-23 13:16:03
81,Person_81,2025-04-23 13:08:52
66,Person_66,2025-04-23 13:12:25
36,Person_36,2025-04-23 13:12:19
37,Person_37,2025-04-23 13:11:16
48,Person_48,2025-04-23 13:09:16
19,Person_19,2025-04-23 13:15:39
51,Person_51,2025-04-23 13:08:12
70,Person_70,2025-04-23 13:09:22
38,Person_38,2025-04-23 13:09:24
4,Person_4,2025-04-23 13:14:24
29,Person_29,2025-04-23 13:10:34
50,Person_50,2025-04-23 13:11:33
51,Person_51,2025-04-23 13:13:52
100,Person_100,2025-04-23 13:10:46
10,Person_10,2025-04-23 13:11:50
97,Person_97,2025-04-23 13:13:11
84,Person_84,2025-04-23 13:12:00
83,Person_83,2025-04-23 13:11:14
25,Person_25,2025-04-23 13:08:40
16,Person_16,2025-04-23 13:17:48
70,Person_70,2025-04-23 13:17:49
9,Person_9,2025-04-23 13:16:25
51,Person_51,2025-04-23 13:13:35
36,Person_36,2025-04-23 13:09:37
19,Person_19,2025-04-23 13:11:32
4,Person_4,2025-04-23 13:12:49
76,Person_76,2025-04-23 13:17:34
22,Person_22,2025-04-23 13:15:41
18,Person_18,2025-04-23 13:09:04
69,Person_69,2025-04-23 13:12:54
94,Person_94,2025-04-23 13:08:06
29,Person_29,2025-04-23 13:13:03
69,Person_69,2025-04-23 13:14:25
58,Person_58,2025-04-23 13:09:05
42,Person_42,2025-04-23 13:09:09
90,Person_90,2025-04-23 13:17:43
15,Person_15,2025-04-23 13:13:08
53,Person_53,2025-04-23 13:16:11
87,Person_87,2025-04-23 13:10:46
7,Person_7,2025-04-23 13:13:10
76,Person_76,2025-04-23 13:13:23
48,Person_48,2025-04-23 13:11:13
48,Person_48,2025-04-23 13:18:01
54,Person_54,2025-04-23 13:12:55
16,Person_16,2025-04-23 13:13:35
84,Person_84,2025-04-23 13:15:34
73,Person_73,2025-04-23 13:12:37
75,Person_75,2025-04-23 13:16:46
32,Person_32,2025-04-23 13:13:31
9,Person_9,2025-04-23 13:13:28
45,Person_45,2025-04-23 13:15:13
64,Person_64,2025-04-23 13:09:08
32,Person_32,2025-04-23 13:12:26
22,Person_22,2025-04-23 13:14:22
85,Person_85,2025-04-23 13:11:05
69,Person_69,2025-04-23 13:17:03
34,Person_34,2025-04-23 13:17:51
54,Person_54,2025-04-23 13:16:46
40,Person_40,2025-04-23 13:14:28
53,Person_53,2025-04-23 13:10:14
92,Person_92,2025-04-23 13:14:28
15,Person_15,2025-04-23 13:16:31
59,Person_59,2025-04-23 13:12:37
6,Person_6,2025-04-23 13:08:34
97,Person_97,2025-04-23 13:08:29
13,Person_13,2025-04-23 13:10:31
91,Person_91,2025-04-23 13:14:03
59,Person_59,2025-04-23 13:09:15
70,Person_70,2025-04-23 13:15:52
16,Person_16,2025-04-23 13:12:56
99,Person_99,2025-04-23 13:13:07
31,Person_31,2025-04-23 13:14:56
67,Person_67,2025-04-23 13:13:21
9,Person_9,2025-04-23 13:17:58
19,Person_19,2025-04-23 13:10:31
40,Person_40,2025-04-23 13:10:38
15,Person_15,2025-04-23 13:08:11
64,Person_64,2025-04-23 13:10:20
74,Person_74,2025-04-23 13:09:50
47,Person_47,2025-04-23 13:11:37
22,Person_22,2025-04-23 13:15:23
36,Person_36,2025-04-23 13:16:14
8,Person_8,2025-04-23 13:09:29
58,Person_58,2025-04-23 13:12:49
48,Person_48,2025-04-23 13:14:03
89,Person_89,2025-04-23 13:12:04
16,Person_16,2025-04-23 13:17:01
85,Person_85,2025-04-23 13:15:41
28,Person_28,2025-04-23 13:16:24
38,Person_38,2025-04-23 13:08:56
95,Person_95,2025-04-23 13:12:38
4,Person_4,2025-04-23 13:17:52
31,Person_31,2025-04-23 13:11:18
4,Person_4,2025-04-23 13:10:17
90,Person_90,2025-04-23 13:09:36
91,Person_91,2025-04-23 13:10:08
71,Person_71,2025-04-23 13:09:51
87,Person_87,2025-04-23 13:15:30
38,Person_38,2025-04-23 13:15:18
42,Person_42,2025-04-23 13:09:39
15,Person_15,2025-04-23 13:14:40
8,Person_8,2025-04-23 13:15:00
52,Person_52,2025-04-23 13:10:56
19,Person_19,2025-04-23 13:09:37
55,Person_55,2025-04-23 13:16:22
70,Person_70,2025-04-23 13:16:37
37,Person_37,2025-04-23 13:16:57
47,Person_47,2025-04-23 13:13:29
72,Person_72,2025-04-23 13:10:20
91,Person_91,2025-04-23 13:08:15
81,Person_81,2025-04-23 13:12:46
17,Person_17,2025-04-23 13:12:31
88,Person_88,2025-04-23 13:08:19
50,Person_50,2025-04-23 13:13:26
65,Person_65,2025-04-23 13:09:47
60,Person_60,2025-04-23 13:16:15
30,Person_30,2025-04-23 13:15:07
21,Person_21,2025-04-23 13:15:04
71,Person_71,2025-04-23 13:10:27
27,Person_27,2025-04-23 13:14:46
55,Person_55,2025-04-23 13:10:08
13,Person_13,2025-04-23 13:15:17
37,Person_37,2025-04-23 13:11:57
32,Person_32,2025-04-23 13:09:59
56,Person_56,2025-04-23 13:13:55
5,Person_5,2025-04-23 13:15:42
46,Person_46,2025-04-23 13:11:08
38,Person_38,2025-04-23 13:11:45
33,Person_33,2025-04-23 13:14:08
12,Person_12,2025-04-23 13:15:51
49,Person_49,2025-04-23 13:14:08
18,Person_18,2025-04-23 13:09:36
99,Person_99,2025-04-23 13:17:08
50,Person_50,2025-04-23 13:10:14
60,Person_60,2025-04-23 13:11:16
92,Person_92,2025-04-23 13:11:51
83,Person_83,2025-04-23 13:12:32
85,Person_85,2025-04-23 13:10:44
16,Person_16,2025-04-23 13:13:43
96,Person_96,2025-04-23 13:10:49
91,Person_91,2025-04-23 13:17:15
53,Person_53,2025-04-23 13:12:58
26,Person_26,2025-04-23 13:09:32
2,Person_2,2025-04-23 13:10:15
77,Person_77,2025-04-23 13:11:45
73,Person_73,2025-04-23 13:13:17
17,Person_17,2025-04-23 13:08:12
99,Person_99,2025-04-23 13:13:28
42,Person_42,2025-04-23 13:10:29
25,Person_25,2025-04-23 13:08:57
79,Person_79,2025-04-23 13:13:34
26,Person_26,2025-04-23 13:15:16
94,Person_94,2025-04-23 13:08:03
22,Person_22,2025-04-23 13:16:29
57,Person_57,2025-04-23 13:16:49
11,Person_11,2025-04-23 13:12:52
2,Person_2,2025-04-23 13:14:58
73,Person_73,2025-04-23 13:17:01
54,Person_54,2025-04-23 13:11:12
31,Person_31,2025-04-23 13:13:07
2,Person_2,2025-04-23 13:08:16
29,Person_29,2025-04-23 13:16:44
21,Person_21,2025-04-23 13:11:32
50,Person_50,2025-04-23 13:09:39
9,Person_9,2025-04-23 13:16:30
43,Person_43,2025-04-23 13:08:09
35,Person_35,2025-04-23 13:09:36
30,Person_30,2025-04-23 13:13:09
42,Person_42,2025-04-23 13:09:09
98,Person_98,2025-04-23 13:11:19
84,Person_84,2025-04-23 13:16:10
85,Person_85,2025-04-23 13:16:22
33,Person_33,2025-04-23 13:09:33
92,Person_92,2025-04-23 13:11:08
22,Person_22,2025-04-23 13:08:50
7,Person_7,2025-04-23 13:15:12
23,Person_23,2025-04-23 13:15:06
65,Person_65,2025-04-23 13:17:47
48,Person_48,2025-04-23 13:08:18
35,Person_35,2025-04-23 13:14:37
17,Person_17,2025-04-23 13:08:31
1,Person_1,2025-04-23 13:11:54
12,Person_12,2025-04-23 13:10:48
23,Person_23,2025-04-23 13:14:53
75,Person_75,2025-04-23 13:14:56
98,Person_98,2025-04-23 13:11:36
74,Person_74,2025-04-23 13:13:07
76,Person_76,2025-04-23 13:16:23
82,Person_82,2025-04-23 13:09:52
6,Person_6,2025-04-23 13:09:30
21,Person_21,2025-04-23 13:15:40
42,Person_42,2025-04-23 13:14:54
21,Person_21,2025-04-23 13:13:36
73,Person_73,2025-04-23 13:17:04
61,Person_61,2025-04-23 13:10:38
34,Person_34,2025-04-23 13:08:14
19,Person_19,2025-04-23 13:14:11
70,Person_70,2025-04-23 13:08:59
68,Person_68,2025-04-23 13:08:25
66,Person_66,2025-04-23 13:13:00
43,Person_43,2025-04-23 13:09:24
25,Person_25,2025-04-23 13:17:05
48,Person_48,2025-04-23 13:16:39
8,Person_8,2025-04-23 13:12:56
54,Person_54,2025-04-23 13:13:59
90,Person_90,2025-04-23 13:10:28
42,Person_42,2025-04-23 13:11:28
43,Person_43,2025-04-23 13:08:25
75,Person_75,2025-04-23 13:16:13
33,Person_33,2025-04-23 13:12:35
94,Person_94,2025-04-23 13:10:23
27,Person_27,2025-04-23 13:15:02
24,Person_24,2025-04-23 13:08:50
18,Person_18,2025-04-23 13:08:40
52,Person_52,2025-04-23 13:09:47
86,Person_86,2025-04-23 13:08:26
34,Person_34,2025-04-23 13:11:31
54,Person_54,2025-04-23 13:09:13
36,Person_36,2025-04-23 13:08:06
1,Person_1,2025-04-23 13:14:03
71,Person_71,2025-04-23 13:15:27
53,Person_53,2025-04-23 13:10:00
6,Person_6,2025-04-23 13:16:39
29,Person_29,2025-04-23 13:16:17
29,Person_29,2025-04-23 13:14:46
29,Person_29,2025-04-23 13:09:47
37,Person_37,2025-04-23 13:13:23
79,Person_79,2025-04-23 13:11:17
15,Person_15,2025-04-23 13:17:41
85,Person_85,2025-04-23 13:09:53
91,Person_91,2025-04-23 13:14:47
1,Person_1,2025-04-23 13:14:59
6,Person_6,2025-04-23 13:08:58
87,Person_87,2025-04-23 13:16:20
93,Person_93,2025-04-23 13:15:30
95,Person_95,2025-04-23 13:14:56
27,Person_27,2025-04-23 13:17:37
8,Person_8,2025-04-23 13:15:28
96,Person_96,2025-04-23 13:17:35
88,Person_88,2025-04-23 13:10:30
100,Person_100,2025-04-23 13:12:17
99,Person_99,2025-04-23 13:08:52
49,Person_49,2025-04-23 13:15:31
31,Person_31,2025-04-23 13:08:24
79,Person_79,2025-04-23 13:10:51
67,Person_67,2025-04-23 13:17:45
96,Person_96,2025-04-23 13:14:28
2,Person_2,2025-04-23 13:17:54
63,Person_63,2025-04-23 13:11:21
67,Person_67,2025-04-23 13:13:00
97,Person_97,2025-04-23 13:14:20
20,Person_20,2025-04-23 13:17:50
25,Person_25,2025-04-23 13:14:27
1,Person_1,2025-04-23 13:17:54
83,Person_83,2025-04-23 13:11:08
4,Person_4,2025-04-23 13:13:47
57,Person_57,2025-04-23 13:08:03
32,Person_32,2025-04-23 13:13:27
87,Person_87,2025-04-23 13:17:04
95,Person_95,2025-04-23 13:09:49
51,Person_51,2025-04-23 13:13:27
26,Person_26,2025-04-23 13:16:50
59,Person_59,2025-04-23 13:13:23
7,Person_7,2025-04-23 13:08:41
85,Person_85,2025-04-23 13:08:06
78,Person_78,2025-04-23 13:09:31
29,Person_29,2025-04-23 13:08:04
58,Person_58,2025-04-23 13:09:28
25,Person_25,2025-04-23 13:11:36
2,Person_2,2025-04-23 13:09:53
90,Person_90,2025-04-23 13:11:47
84,Person_84,2025-04-23 13:16:20
92,Person_92,2025-04-23 13:08:22
68,Person_68,2025-04-23 13:10:56
48,Person_48,2025-04-23 13:15:00
86,Person_86,2025-04-23 13:08:59
78,Person_78,2025-04-23 13:17:02
15,Person_15,2025-04-23 13:15:39
96,Person_96,2025-04-23 13:17:17
58,Person_58,2025-04-23 13:14:08
71,Person_71,2025-04-23 13:14:30
88,Person_88,2025-04-23 13:16:35
87,Person_87,2025-04-23 13:09:24
25,Person_25,2025-04-23 13:17:59
59,Person_59,2025-04-23 13:08:31
10,Person_10,2025-04-23 13:08:45
86,Person_86,2025-04-23 13:16:13
54,Person_54,2025-04-23 13:15:33
59,Person_59,2025-04-23 13:13:53
3,Person_3,2025-04-23 13:10:50
22,Person_22,2025-04-23 13:15:09
74,Person_74,2025-04-23 13:08:31
37,Person_37,2025-04-23 13:08:34
97,Person_97,2025-04-23 13:10:31
78,Person_78,2025-04-23 13:13:25
63,Person_63,2025-04-23 13:10:10
65,Person_65,2025-04-23 13:15:05
54,Person_54,2025-04-23 13:17:45
16,Person_16,2025-04-23 13:16:55
87,Person_87,2025-04-23 13:10:34
30,Person_30,2025-04-23 13:11:45
82,Person_82,2025-04-23 13:14:30
12,Person_12,2025-04-23 13:16:28
31,Person_31,2025-04-23 13:11:23
59,Person_59,2025-04-23 13:12:19
49,Person_49,2025-04-23 13:13:01
15,Person_15,2025-04-23 13:08:05
26,Person_26,2025-04-23 13:17:43
89,Person_89,2025-04-23 13:15:04
3,Person_3,2025-04-23 13:11:06
50,Person_50,2025-04-23 13:13:27
87,Person_87,2025-04-23 13:16:53
15,Person_15,2025-04-23 13:17:42
36,Person_36,2025-04-23 13:11:35
64,Person_64,2025-04-23 13:17:49
24,Person_24,2025-04-23 13:16:55
96,Person_96,2025-04-23 13:15:40
58,Person_58,2025-04-23 13:17:12
39,Person_39,2025-04-23 13:16:05
90,Person_90,2025-04-23 13:11:37
77,Person_77,2025-04-23 13:13:20
89,Person_89,2025-04-23 13:11:06
67,Person_67,2025-04-23 13:12:52
43,Person_43,2025-04-23 13:08:44
41,Person_41,2025-04-23 13:15:43
11,Person_11,2025-04-23 13:17:26
74,Person_74,2025-04-23 13:12:37
42,Person_42,2025-04-23 13:13:48
26,Person_26,2025-04-23 13:16:41
49,Person_49,2025-04-23 13:08:47
84,Person_84,2025-04-23 13:16:47
3,Person_3,2025-04-23 13:10:22
9,Person_9,2025-04-23 13:17:49
64,Person_64,2025-04-23 13:09:37
31,Person_31,2025-04-23 13:09:38
27,Person_27,2025-04-23 13:11:45
44,Person_44,2025-04-23 13:13:35
30,Person_30,2025-04-23 13:15:39
24,Person_24,2025-04-23 13:11:27
76,Person_76,2025-04-23 13:12:50
53,Person_53,2025-04-23 13:09:51
28,Person_28,2025-04-23 13:09:05
86,Person_86,2025-04-23 13:10:29
21,Person_21,2025-04-23 13:11:24
56,Person_56,2025-04-23 13:11:23
96,Person_96,2025-04-23 13:09:36
4,Person_4,2025-04-23 13:13:12
23,Person_23,2025-04-23 13:12:14
42,Person_42,2025-04-23 13:17:34
84,Person_84,2025-04-23 13:10:06
55,Person_55,2025-04-23 13:15:43
92,Person_92,2025-04-23 13:12:59
91,Person_91,2025-04-23 13:13:48
52,Person_52,2025-04-23 13:16:45
7,Person_7,2025-04-23 13:13:38
62,Person_62,2025-04-23 13:14:15
42,Person_42,2025-04-23 13:11:41
57,Person_57,2025-04-23 13:17:31
23,Person_23,2025-04-23 13:13:17
60,Person_60,2025-04-23 13:11:59
21,Person_21,2025-04-23 13:11:25
85,Person_85,2025-04-23 13:16:54
53,Person_53,2025-04-23 13:09:05
67,Person_67,2025-04-23 13:11:12
59,Person_59,2025-04-23 13:17:34
69,Person_69,2025-04-23 13:10:05
50,Person_50,2025-04-23 13:15:34
57,Person_57,2025-04-23 13:16:17
12,Person_12,2025-04-23 13:08:09
17,Person_17,2025-04-23 13:10:14
57,Person_57,2025-04-23 13:17:25
83,Person_83,2025-04-23 13:09:45
85,Person_85,2025-04-23 13:09:48
51,Person_51,2025-04-23 13:09:22
16,Person_16,2025-04-23 13:12:20
23,Person_23,2025-04-23 13:16:36
68,Person_68,2025-04-23 13:16:43
42,Person_42,2025-04-23 13:12:58
12,Person_12,2025-04-23 13:14:23
100,Person_100,2025-04-23 13:14:42
79,Person_79,2025-04-23 13:10:26
82,Person_82,2025-04-23 13:11:23
3,Person_3,2025-04-23 13:09:39
16,Person_16,2025-04-23 13:12:56
34,Person_34,2025-04-23 13:14:17
80,Person_80,2025-04-23 13:09:32
52,Person_52,2025-04-23 13:12:20
7,Person_7,2025-04-23 13:17:29
96,Person_96,2025-04-23 13:08:45
70,Person_70,2025-04-23 13:14:01
70,Person_70,2025-04-23 13:16:42
73,Person_73,2025-04-23 13:15:01
63,Person_63,2025-04-23 13:16:40
56,Person_56,2025-04-23 13:13:51
74,Person_74,2025-04-23 13:08:31
72,Person_72,2025-04-23 13:09:54
40,Person_40,2025-04-23 13:12:17
2,Person_2,2025-04-23 13:09:16
34,Person_34,2025-04-23 13:08:27
9,Person_9,2025-04-23 13:13:56
2,Person_2,2025-04-23 13:08:05
46,Person_46,2025-04-23 13:15:26
10,Person_10,2025-04-23 13:16:50
65,Person_65,2025-04-23 13:15:39
81,Person_81,2025-04-23 13:17:17
5,Person_5,2025-04-23 13:08:43
59,Person_59,2025-04-23 13:11:52
79,Person_79,2025-04-23 13:13:49
51,Person_51,2025-04-23 13:10:30
41,Person_41,2025-04-23 13:10:21
57,Person_57,2025-04-23 13:16:28
11,Person_11,2025-04-23 13:10:02
99,Person_99,2025-04-23 13:17:40
67,Person_67,2025-04-23 13:10:20
5,Person_5,2025-04-23 13:11:14
24,Person_24,2025-04-23 13:17:02
30,Person_30,2025-04-23 13:10:32
76,Person_76,2025-04-23 13:15:51
82,Person_82,2025-04-23 13:09:43
7,Person_7,2025-04-23 13:11:29
30,Person_30,2025-04-23 13:10:42
82,Person_82,2025-04-23 13:17:23
73,Person_73,2025-04-23 13:08:03
49,Person_49,2025-04-23 13:11:37
27,Person_27,2025-04-23 13:18:02
33,Person_33,2025-04-23 13:16:35
25,Person_25,2025-04-23 13:12:34
67,Person_67,2025-04-23 13:08:11
34,Person_34,2025-04-23 13:17:46
79,Person_79,2025-04-23 13:14:31
66,Person_66,2025-04-23 13:16:57
30,Person_30,2025-04-23 13:15:08
99,Person_99,2025-04-23 13:15:49
96,Person_96,2025-04-23 13:11:19
84,Person_84,2025-04-23 13:15:10
54,Person_54,2025-04-23 13:08:35
98,Person_98,2025-04-23 13:17:43
35,Person_35,2025-04-23 13:09:32
83,Person_83,2025-04-23 13:11:18
25,Person_25,2025-04-23 13:17:41
75,Person_75,2025-04-23 13:10:01
77,Person_77,2025-04-23 13:12:47
38,Person_38,2025-04-23 13:15:15
32,Person_32,2025-04-23 13:18:01
14,Person_14,2025-04-23 13:15:24
41,Person_41,2025-04-23 13:13:47
61,Person_61,2025-04-23 13:11:15
39,Person_39,2025-04-23 13:13:51
15,Person_15,2025-04-23 13:16:14
83,Person_83,2025-04-23 13:10:02
46,Person_46,2025-04-23 13:16:15
82,Person_82,2025-04-23 13:17:18
81,Person_81,2025-04-23 13:11:04
41,Person_41,2025-04-23 13:15:50
59,Person_59,2025-04-23 13:17:48
51,Person_51,2025-04-23 13:12:26
82,Person_82,2025-04-23 13:08:58
49,Person_49,2025-04-23 13:14:41
95,Person_95,2025-04-23 13:10:54
23,Person_23,2025-04-23 13:11:54
11,Person_11,2025-04-23 13:09:24
72,Person_72,2025-04-23 13:08:46
84,Person_84,2025-04-23 13:17:56
56,Person_56,2025-04-23 13:16:59
5,Person_5,2025-04-23 13:16:25
18,Person_18,2025-04-23 13:13:08
87,Person_87,2025-04-23 13:13:43
57,Person_57,2025-04-23 13:09:49
99,Person_99,2025-04-23 13:12:32
6,Person_6,2025-04-23 13:12:44
6,Person_6,2025-04-23 13:15:20
77,Person_77,2025-04-23 13:12:24
30,Person_30,2025-04-23 13:15:35
13,Person_13,2025-04-23 13:16:49
37,Person_37,2025-04-23 13:10:07
16,Person_16,2025-04-23 13:09:29
86,Person_86,2025-04-23 13:08:53
29,Person_29,2025-04-23 13:15:10
89,Person_89,2025-04-23 13:09:04
76,Person_76,2025-04-23 13:09:29
93,Person_93,2025-04-23 13:08:08
98,Person_98,2025-04-23 13:14:39
34,Person_34,2025-04-23 13:12:40
38,Person_38,2025-04-23 13:14:07
50,Person_50,2025-04-23 13:17:55
63,Person_63,2025-04-23 13:10:27
85,Person_85,2025-04-23 13:16:33
27,Person_27,2025-04-23 13:15:00
17,Person_17,2025-04-23 13:17:32
78,Person_78,2025-04-23 13:11:30
92,Person_92,2025-04-23 13:17:56
87,Person_87,2025-04-23 13:11:16
39,Person_39,2025-04-23 13:10:18
3,Person_3,2025-04-23 13:17:43
63,Person_63,2025-04-23 13:17:34
87,Person_87,2025-04-23 13:10:36
33,Person_33,2025-04-23 13:09:25
93,Person_93,2025-04-23 13:10:47
95,Person_95,2025-04-23 13:16:38
80,Person_80,2025-04-23 13:17:04
74,Person_74,2025-04-23 13:11:54
91,Person_91,2025-04-23 13:16:40
38,Person_38,2025-04-23 13:11:40
9,Person_9,2025-04-23 13:09:42
83,Person_83,2025-04-23 13:10:05
98,Person_98,2025-04-23 13:11:30
80,Person_80,2025-04-23 13:13:29
41,Person_41,2025-04-23 13:17:45
89,Person_89,2025-04-23 13:13:11
75,Person_75,2025-04-23 13:12:07
11,Person_11,2025-04-23 13:17:36
99,Person_99,2025-04-23 13:17:15
24,Person_24,2025-04-23 13:13:21
84,Person_84,2025-04-23 13:11:00
37,Person_37,2025-04-23 13:17:25
8,Person_8,2025-04-23 13:16:43
13,Person_13,2025-04-23 13:09:21
63,Person_63,2025-04-23 13:12:01
19,Person_19,2025-04-23 13:18:02
55,Person_55,2025-04-23 13:08:22
9,Person_9,2025-04-23 13:15:57
60,Person_60,2025-04-23 13:14:31
45,Person_45,2025-04-23 13:15:14
58,Person_58,2025-04-23 13:12:21
92,Person_92,2025-04-23 13:16:34
25,Person_25,2025-04-23 13:10:52
69,Person_69,2025-04-23 13:10:18
87,Person_87,2025-04-23 13:08:20
